item_id,supplier_id,avg_unit_price,avg_delivery_days,rating,defect_rate,chosen
1071,2063,5.85,3,3.51,0.023,0
1074,2079,4.31,4,4.11,0.054,0
1086,2088,6.05,3,3.75,0.054,0
1071,2043,6.18,6,4.33,0.063,0
1087,2075,5.69,4,3.45,0.044,0
1029,2020,3.73,3,4.18,0.024,0
1092,2063,2.66,3,4.67,0.044,1
1014,2091,6.05,4,4.53,0.035,0
1086,2088,4.75,5,4.08,0.015,0
1037,2063,6.82,5,3.41,0.043,0
1087,2041,1.93,5,3.73,0.046,0
1087,2006,4.08,4,3.51,0.024,0
1086,2072,4.91,4,5.0,0.042,0
1029,2061,5.45,2,3.49,0.034,0
1051,2080,5.2,4,4.55,0.037,0
1020,2007,2.8,4,4.15,0.011,0
1002,2050,4.38,2,4.03,0.045,0
1074,2048,4.51,3,4.07,0.039,0
1082,2080,2.98,2,4.26,0.005,1
1087,2057,7.92,3,3.75,0.014,0
1014,2002,4.28,3,3.15,0.055,0
1071,2054,4.98,3,4.61,0.009,0
1099,2001,3.86,4,4.17,0.037,0
1074,2059,4.88,3,4.92,0.051,0
1021,2013,1.25,5,5.0,0.055,1
1071,2002,4.68,3,4.56,0.018,0
1014,2008,5.53,3,4.81,0.022,0
1074,2091,4.34,4,5.0,0.032,0
1037,2063,4.38,4,4.56,0.011,0
1029,2041,4.2,5,4.41,0.0,0
1014,2059,5.72,4,3.78,0.044,0
1086,2035,7.81,4,3.89,0.02,0
1074,2075,5.02,4,4.23,0.04,0
1086,2057,4.78,4,4.68,0.009,0
1023,2061,5.16,4,4.66,0.025,0
1021,2091,5.98,5,3.28,0.053,0
1099,2090,3.52,2,2.76,0.014,0
1099,2054,4.99,3,3.97,0.008,0
1082,2070,6.3,4,4.41,0.0,0
1074,2007,8.41,4,4.47,0.0,0
1014,2001,4.98,4,4.13,0.047,0
1020,2013,6.95,2,4.63,0.038,0
1086,2090,4.99,2,4.94,0.038,0
1021,2002,2.33,3,4.36,0.04,1
1074,2091,4.81,4,5.0,0.061,0
1087,2059,3.58,3,4.14,0.0,1
1087,2035,2.99,2,3.63,0.058,0
1092,2059,3.72,2,4.64,0.021,1
1092,2061,5.63,3,3.3,0.039,0
1023,2061,2.67,3,3.83,0.034,0
1014,2091,4.17,3,3.42,0.07,0
1029,2046,3.2,5,4.27,0.033,0
1087,2091,5.53,2,4.68,0.02,0
1052,2050,6.82,3,4.01,0.004,0
1021,2048,3.85,4,3.55,0.0,0
1074,2088,3.71,4,5.0,0.016,0
1086,2077,2.68,3,4.29,0.042,1
1087,2013,8.2,4,5.0,0.021,0
1074,2077,5.13,3,3.86,0.025,0
1029,2020,4.58,3,3.93,0.052,0
1029,2050,8.17,3,4.04,0.04,0
1099,2059,9.78,4,4.69,0.061,0
1060,2088,5.52,4,4.5,0.051,0
1052,2075,3.45,4,4.44,0.039,0
1092,2021,6.71,4,3.63,0.042,0
1060,2091,3.68,3,3.99,0.028,0
1020,2043,2.68,5,3.62,0.061,0
1002,2001,3.31,5,4.19,0.0,0
1014,2002,3.44,5,4.42,0.028,0
1023,2001,1.67,5,5.0,0.064,0
1021,2059,4.08,4,4.45,0.0,0
1074,2008,5.27,5,4.58,0.008,0
1051,2043,3.71,4,4.52,0.0,0
1071,2043,1.32,3,3.91,0.024,1
1087,2080,4.38,4,4.25,0.035,0
1074,2035,2.99,1,4.76,0.073,1
1087,2021,4.49,4,4.36,0.064,0
1074,2020,6.33,4,4.23,0.031,0
1020,2038,2.84,3,4.64,0.025,1
1051,2034,5.07,2,4.42,0.001,0
1074,2088,5.43,3,3.33,0.051,0
1020,2088,4.75,5,4.94,0.012,0
1071,2091,3.81,2,3.41,0.022,0
1074,2091,7.17,2,4.63,0.045,0
1001,2001,5.83,4,3.65,0.045,0
1082,2048,4.18,1,4.23,0.013,1
1099,2080,7.04,3,4.22,0.038,0
1020,2013,4.6,3,4.62,0.009,0
1001,2001,3.95,3,4.92,0.016,1
1037,2061,4.79,3,4.05,0.015,0
1052,2063,5.69,2,3.52,0.019,0
1071,2063,3.8,2,4.04,0.0,1
1074,2079,7.59,2,3.88,0.022,0
1092,2079,7.53,2,4.27,0.051,0
1029,2075,4.54,2,4.15,0.061,0
1014,2034,4.08,5,4.33,0.055,0
1052,2032,5.33,3,5.0,0.035,0
1087,2035,5.25,4,4.66,0.046,0
1060,2088,2.97,3,3.87,0.014,1
1052,2008,3.69,3,4.37,0.04,0
1020,2014,5.0,3,4.84,0.028,0
1001,2001,6.41,3,4.41,0.057,0
1002,2091,1.09,3,4.5,0.054,1
1087,2080,5.3,4,5.0,0.055,0
1082,2046,3.7,4,4.38,0.064,0
1074,2050,6.3,3,4.31,0.0,0
1099,2072,6.45,4,4.81,0.027,0
1001,2072,5.19,3,3.63,0.018,0
1071,2079,2.27,4,3.11,0.071,0
1086,2032,2.35,5,3.75,0.041,0
1087,2063,3.87,5,4.22,0.051,0
1029,2008,5.11,4,4.51,0.019,0
1086,2052,3.08,2,4.23,0.02,1
1086,2001,1.78,4,3.59,0.007,1
1014,2046,4.94,3,4.26,0.069,0
1092,2059,4.43,2,4.29,0.014,1
1014,2059,5.04,4,4.18,0.031,0
1087,2032,5.29,5,4.07,0.033,0
1001,2079,6.3,4,4.02,0.048,0
1074,2070,3.69,3,3.81,0.042,0
1052,2091,6.78,4,4.24,0.012,0
1087,2088,3.95,2,3.11,0.022,0
1029,2089,4.55,6,4.98,0.041,0
1052,2079,8.13,5,3.2,0.051,0
1052,2006,6.07,3,3.49,0.042,0
1082,2057,1.88,3,3.89,0.005,1
1071,2070,6.78,3,4.29,0.048,0
1002,2054,4.99,4,4.61,0.041,0
1002,2006,5.43,5,4.82,0.028,0
1021,2034,3.64,4,4.31,0.064,0
1092,2043,6.48,4,4.21,0.012,0
1071,2020,4.7,4,3.34,0.055,0
1023,2034,8.1,2,3.5,0.035,0
1087,2057,4.13,4,4.16,0.01,0
1086,2041,6.93,4,3.92,0.06,0
1082,2013,4.24,2,4.29,0.037,0
1021,2088,5.8,4,4.46,0.04,0
1002,2058,4.14,3,4.57,0.035,0
1074,2038,6.23,2,3.95,0.068,0
1086,2032,5.83,4,4.55,0.074,0
1021,2008,8.0,2,3.59,0.0,0
1071,2020,3.88,4,4.32,0.0,0
1087,2001,2.2,3,4.66,0.052,1
1014,2080,7.56,3,4.61,0.05,0
1086,2090,4.25,4,4.53,0.012,0
1002,2003,7.46,3,4.24,0.011,0
1052,2091,3.83,1,4.23,0.08,1
1023,2020,3.47,6,4.91,0.021,0
1020,2002,5.04,3,5.0,0.04,0
1051,2002,6.77,4,4.14,0.037,0
1074,2038,4.39,2,4.61,0.0,1
1074,2020,4.6,3,4.52,0.061,0
1087,2070,6.81,4,3.89,0.026,0
1052,2048,4.51,3,4.0,0.021,0
1082,2061,4.29,4,3.67,0.015,0
1082,2020,2.62,5,3.8,0.043,0
1029,2077,5.71,5,4.09,0.011,0
1087,2020,2.67,1,4.28,0.046,1
1087,2020,5.71,2,4.72,0.016,0
1092,2052,3.64,3,4.24,0.0,1
1052,2088,4.94,4,4.75,0.034,0
1001,2090,2.99,4,3.67,0.008,0
1092,2088,2.96,2,3.92,0.053,1
1014,2058,8.38,3,4.74,0.022,0
1014,2001,2.52,4,4.32,0.066,0
1014,2043,2.7,6,5.0,0.03,0
1086,2050,4.55,3,4.25,0.026,0
1071,2089,5.77,3,4.91,0.033,0
1086,2052,4.61,5,3.39,0.037,0
1037,2059,5.04,2,3.35,0.05,0
1037,2075,6.44,4,5.0,0.039,0
1002,2070,6.87,4,4.06,0.009,0
1029,2089,4.09,3,4.88,0.045,0
1001,2061,5.5,4,4.46,0.035,0
1074,2091,2.75,5,3.97,0.052,0
1087,2079,6.78,3,4.67,0.023,0
1074,2050,4.47,4,4.34,0.031,0
1060,2070,3.0,3,5.0,0.0,1
1074,2038,6.3,5,3.52,0.021,0
1087,2080,3.5,5,4.75,0.053,0
1014,2001,5.18,5,4.2,0.057,0
1021,2083,4.78,3,5.0,0.03,0
1029,2057,3.65,3,3.75,0.047,0
1014,2013,4.85,6,4.79,0.035,0
1082,2088,7.11,3,3.27,0.01,0
1074,2088,5.22,3,4.61,0.028,0
1099,2032,6.12,5,4.14,0.041,0
1086,2063,2.37,3,3.58,0.033,1
1074,2090,5.35,4,3.96,0.076,0
1021,2013,3.1,2,5.0,0.016,1
1074,2083,3.58,6,4.69,0.018,0
1001,2001,5.33,5,4.55,0.056,0
1087,2046,6.21,4,4.22,0.03,0
1071,2088,5.4,4,4.06,0.032,0
1074,2021,4.53,4,3.57,0.082,0
1071,2077,3.9,3,3.79,0.042,0
1087,2048,4.71,3,4.53,0.046,0
1074,2061,4.9,3,5.0,0.037,0
1037,2091,3.09,5,3.77,0.085,0
1087,2091,5.12,5,3.16,0.004,0
1074,2088,7.0,4,5.0,0.04,0
1052,2014,5.22,5,4.71,0.026,0
1092,2075,3.36,1,3.98,0.006,1
1002,2061,8.9,3,3.86,0.0,0
1092,2001,4.6,3,5.0,0.033,0
1087,2035,4.99,3,4.59,0.021,0
1060,2091,6.0,5,4.43,0.025,0
1074,2090,3.57,3,4.48,0.0,1
1021,2008,6.25,4,4.13,0.017,0
1002,2008,4.29,4,4.14,0.02,0
1051,2021,5.7,4,3.58,0.041,0
1014,2007,8.75,4,3.35,0.034,0
1060,2013,2.25,7,5.0,0.017,0
1092,2063,1.63,3,4.11,0.0,1
1029,2008,4.9,3,4.26,0.035,0
1060,2020,3.55,3,4.22,0.017,0
1060,2059,6.36,4,5.0,0.046,0
1074,2063,6.66,4,4.28,0.065,0
1092,2054,4.43,4,4.07,0.025,0
1082,2043,3.25,3,3.74,0.042,0
1086,2070,6.56,3,4.31,0.027,0
1071,2054,3.78,4,4.53,0.0,0
1087,2006,4.58,3,4.0,0.017,0
1037,2077,4.93,3,4.02,0.052,0
1060,2079,5.84,3,3.92,0.04,0
1020,2058,5.74,3,4.08,0.067,0
1002,2063,4.12,5,4.75,0.065,0
1020,2077,4.06,3,3.98,0.053,0
1087,2006,4.15,4,4.54,0.029,0
1086,2061,6.95,4,4.62,0.02,0
1020,2007,3.91,4,4.42,0.035,0
1071,2002,4.48,5,3.64,0.007,0
1092,2017,6.41,4,4.38,0.024,0
1086,2041,5.75,5,5.0,0.0,0
1021,2054,4.37,3,5.0,0.0,1
1074,2059,5.77,3,5.0,0.06,0
1086,2063,5.55,2,3.91,0.021,0
1082,2050,3.01,5,3.47,0.069,0
1087,2061,7.94,3,4.36,0.029,0
1014,2035,6.35,5,4.33,0.039,0
1074,2054,4.07,4,4.28,0.012,0
1001,2050,4.98,3,3.9,0.007,0
1087,2050,5.09,3,3.96,0.052,0
1051,2021,5.95,3,4.38,0.033,0
1074,2058,7.55,5,3.43,0.047,0
1029,2014,6.9,4,4.03,0.078,0
1092,2057,5.98,5,4.88,0.039,0
1037,2020,4.13,3,4.09,0.006,0
1099,2034,5.98,5,4.05,0.073,0
1087,2020,2.66,5,5.0,0.026,0
1037,2088,4.72,5,4.45,0.0,0
1071,2002,3.73,3,3.52,0.021,0
1029,2041,2.98,3,4.03,0.037,0
1074,2059,4.86,4,4.39,0.051,0
1002,2001,6.31,4,5.0,0.037,0
1001,2013,8.89,4,4.16,0.023,0
1082,2063,7.26,5,4.5,0.053,0
1002,2032,3.08,2,4.82,0.027,1
1087,2083,6.12,3,5.0,0.0,0
1087,2070,2.92,5,2.9,0.038,0
1071,2034,4.84,3,4.1,0.013,0
1074,2088,7.31,5,3.86,0.036,0
1074,2070,3.01,5,4.72,0.024,0
1002,2061,5.03,3,3.39,0.061,0
1023,2007,3.85,3,4.12,0.05,0
1074,2008,4.11,2,3.76,0.038,0
1060,2041,8.28,2,3.55,0.0,0
1002,2070,2.54,5,4.95,0.034,0
1023,2043,4.3,5,4.29,0.052,0
1020,2083,4.23,4,3.58,0.043,0
1029,2046,5.29,3,3.76,0.062,0
1023,2008,7.96,3,4.23,0.038,0
1051,2046,5.22,2,4.41,0.0,0
1074,2091,3.9,4,4.5,0.014,0
1002,2052,4.31,3,4.15,0.029,0
1037,2059,6.0,3,4.39,0.04,0
1087,2038,5.3,3,4.29,0.045,0
1021,2072,6.26,5,3.7,0.021,0
1082,2088,2.58,4,4.03,0.034,0
1052,2077,4.09,3,4.81,0.044,0
1020,2070,4.83,4,4.59,0.022,0
1014,2061,2.8,3,3.53,0.053,0
1001,2070,7.01,5,3.19,0.051,0
1037,2050,8.32,5,3.12,0.065,0
1014,2080,5.06,3,4.43,0.009,0
1086,2043,5.0,5,4.51,0.031,0
1074,2059,5.13,2,4.13,0.0,0
1082,2048,6.53,1,4.63,0.05,0
1051,2059,6.98,4,4.66,0.027,0
1086,2017,3.22,5,4.15,0.002,0
1037,2035,4.3,3,4.43,0.077,0
1014,2038,5.78,4,5.0,0.05,0
1002,2091,5.38,3,4.36,0.029,0
1029,2041,5.14,5,3.93,0.04,0
1023,2003,6.42,3,3.79,0.027,0
1023,2079,4.31,5,3.7,0.031,0
1060,2059,8.82,4,4.49,0.053,0
1051,2080,4.31,2,4.29,0.035,0
1071,2035,2.57,4,4.73,0.012,1
1002,2059,5.65,4,4.49,0.044,0
1020,2007,4.63,2,3.98,0.018,0
1001,2038,4.88,5,3.54,0.033,0
1092,2008,3.4,3,4.48,0.006,1
1086,2021,6.1,2,4.53,0.0,0
1021,2088,4.07,5,5.0,0.022,0
1021,2070,5.58,5,4.54,0.025,0
1001,2008,3.88,4,4.77,0.064,0
1037,2061,2.47,2,4.78,0.0,1
1021,2083,6.86,3,3.94,0.034,0
1001,2020,2.98,4,5.0,0.047,0
1087,2072,4.63,2,3.45,0.003,0
1020,2077,4.98,4,4.63,0.0,0
1052,2072,6.97,4,4.04,0.006,0
1074,2080,6.87,3,4.19,0.038,0
1086,2091,3.63,3,4.63,0.045,0
1074,2035,6.16,2,4.08,0.022,0
1001,2003,5.64,4,4.28,0.079,0
1086,2061,4.56,3,3.62,0.0,0
1021,2032,3.17,3,4.86,0.031,1
1074,2079,5.29,3,4.38,0.058,0
1074,2050,2.01,5,2.94,0.031,0
1087,2013,8.29,4,4.39,0.07,0
1014,2088,3.95,4,4.49,0.02,0
1060,2059,4.35,3,4.24,0.041,0
1023,2007,5.18,4,3.22,0.026,0
1060,2046,3.46,4,4.34,0.028,0
1082,2032,5.77,4,4.17,0.009,0
1002,2006,2.63,4,4.32,0.011,0
1087,2013,6.09,3,3.37,0.055,0
1021,2006,6.72,1,3.92,0.018,0
1092,2091,7.46,3,3.45,0.048,0
1002,2002,3.15,3,3.82,0.019,0
1029,2007,6.41,5,3.56,0.043,0
1051,2080,3.9,3,4.45,0.009,0
1029,2002,5.71,4,3.98,0.057,0
1052,2001,3.09,5,3.23,0.084,0
1099,2046,4.39,2,4.08,0.009,1
1023,2006,5.58,5,3.7,0.042,0
1087,2077,2.7,5,4.41,0.052,0
1087,2001,4.82,3,4.61,0.004,0
1086,2003,2.39,3,4.01,0.041,1
1086,2061,6.64,4,4.71,0.036,0
1002,2003,5.74,3,4.43,0.033,0
1051,2002,5.49,3,4.6,0.016,0
1087,2070,4.97,5,3.73,0.0,0
1023,2034,5.55,3,4.71,0.027,0
1020,2038,4.09,3,4.75,0.042,0
1060,2083,1.35,4,4.32,0.03,1
1087,2063,4.08,5,4.82,0.0,0
1023,2052,3.8,3,4.67,0.031,0
1029,2070,3.97,4,4.09,0.028,0
1051,2075,4.96,4,4.05,0.044,0
1002,2088,4.89,2,4.18,0.01,0
1021,2058,5.06,4,3.66,0.037,0
1092,2014,3.76,4,4.63,0.0,0
1023,2061,3.33,3,4.36,0.027,0
1082,2038,4.93,6,3.59,0.053,0
1087,2050,4.48,4,5.0,0.044,0
1023,2061,5.56,5,4.76,0.014,0
1002,2014,5.44,2,3.93,0.036,0
1014,2017,4.1,4,4.19,0.041,0
1051,2077,4.36,3,4.94,0.02,0
1087,2020,5.99,5,4.28,0.013,0
1099,2059,4.73,5,4.3,0.006,0
1014,2035,5.89,4,4.02,0.042,0
1092,2080,5.37,3,3.55,0.052,0
1051,2079,6.14,4,4.97,0.049,0
1082,2063,6.03,1,4.8,0.032,0
1037,2048,5.47,4,4.59,0.052,0
1086,2088,5.95,4,4.32,0.0,0
1052,2070,4.57,3,4.81,0.042,0
1071,2089,4.31,3,4.0,0.022,0
1082,2038,2.83,2,4.21,0.052,1
1074,2035,4.19,4,4.57,0.01,0
1099,2090,4.97,3,5.0,0.061,0
1037,2001,3.51,4,4.73,0.047,0
1071,2035,5.12,5,3.75,0.024,0
1020,2046,3.68,4,3.91,0.027,0
1071,2052,5.93,4,3.75,0.051,0
1051,2046,5.68,2,3.54,0.03,0
1029,2043,6.28,4,4.38,0.031,0
1023,2050,5.77,3,5.0,0.063,0
1082,2032,5.64,4,3.99,0.041,0
1029,2007,3.96,1,2.84,0.014,1
1086,2057,5.23,4,3.96,0.033,0
1074,2043,4.59,3,4.17,0.046,0
1037,2021,3.57,3,3.67,0.0,0
1029,2059,4.28,4,4.29,0.027,0
1099,2013,5.19,3,3.23,0.046,0
1002,2070,6.61,3,4.12,0.025,0
1099,2032,5.53,5,4.78,0.022,0
1001,2059,5.81,5,4.4,0.03,0
1087,2001,5.67,3,3.92,0.009,0
1002,2003,5.46,3,3.79,0.027,0
1071,2020,5.7,5,4.71,0.0,0
1099,2091,5.36,5,3.53,0.041,0
1021,2046,4.65,5,4.4,0.012,0
1060,2020,4.7,3,4.14,0.052,0
1020,2034,3.74,5,4.05,0.034,0
1001,2059,5.11,3,4.19,0.059,0
1074,2083,6.26,3,4.99,0.035,0
1087,2035,5.54,3,3.95,0.016,0
1052,2038,5.13,4,4.38,0.062,0
1002,2034,3.67,4,3.56,0.012,0
1029,2061,6.9,3,3.8,0.0,0
1087,2079,3.78,3,3.52,0.025,0
1014,2061,6.91,3,3.73,0.008,0
1021,2079,3.29,4,4.22,0.049,0
1021,2089,8.03,2,4.39,0.008,0
1037,2070,6.18,3,4.21,0.004,0
1023,2050,4.36,4,4.88,0.014,0
1051,2003,4.17,4,3.77,0.053,0
1087,2058,4.99,4,4.38,0.018,0
1052,2091,5.58,3,3.95,0.041,0
1099,2014,5.44,3,3.57,0.01,0
1087,2061,5.42,4,3.65,0.013,0
1037,2007,5.2,4,3.39,0.033,0
1074,2008,4.1,5,4.32,0.038,0
1051,2059,5.67,2,5.0,0.0,0
1082,2075,6.19,4,3.96,0.043,0
1086,2034,4.52,3,4.43,0.01,0
1002,2003,4.66,3,4.03,0.039,0
1087,2080,4.11,3,3.95,0.059,0
1086,2007,5.51,4,4.54,0.018,0
1052,2059,6.29,4,3.42,0.001,0
1052,2072,4.14,2,4.08,0.01,1
1051,2075,4.85,5,4.18,0.024,0
1074,2059,5.58,3,4.62,0.04,0
1023,2007,5.06,4,5.0,0.049,0
1086,2046,8.3,4,3.46,0.025,0
1029,2063,2.45,4,4.57,0.012,1
1052,2008,4.02,4,3.6,0.005,0
1001,2054,6.86,4,3.92,0.0,0
1002,2077,6.28,3,5.0,0.047,0
1087,2050,3.79,3,5.0,0.028,1
1099,2007,4.23,4,3.94,0.035,0
1021,2061,4.89,4,4.01,0.012,0
1074,2014,4.48,3,4.16,0.043,0
1086,2021,5.87,5,3.79,0.038,0
1082,2061,6.09,3,4.1,0.0,0
1071,2077,6.36,3,4.6,0.034,0
1087,2080,4.72,2,3.49,0.0,0
1020,2041,4.16,6,3.56,0.0,0
1082,2077,6.44,6,4.35,0.036,0
1052,2061,4.54,2,3.47,0.024,0
1029,2080,4.24,3,4.61,0.018,0
1001,2001,6.27,3,4.72,0.032,0
1074,2057,4.35,4,4.05,0.032,0
1082,2061,6.14,3,4.02,0.008,0
1086,2063,5.87,4,3.61,0.047,0
1020,2046,3.2,5,4.54,0.038,0
1051,2046,4.43,4,4.74,0.042,0
1087,2088,3.99,4,4.77,0.074,0
1074,2059,4.69,4,4.77,0.014,0
1092,2008,7.67,2,4.6,0.036,0
1074,2007,5.08,6,4.05,0.024,0
1060,2091,7.0,4,4.84,0.032,0
1052,2057,5.48,5,3.78,0.028,0
1051,2089,6.2,3,3.91,0.042,0
1074,2017,7.0,3,4.12,0.017,0
1052,2072,4.56,5,4.24,0.014,0
1087,2058,5.39,5,3.92,0.003,0
1092,2014,8.29,2,4.02,0.035,0
1052,2021,4.59,3,4.49,0.0,0
1014,2050,3.1,4,4.0,0.033,0
1052,2032,5.34,1,4.84,0.02,1
1029,2091,3.7,4,4.25,0.054,0
1092,2048,5.41,5,3.73,0.033,0
1060,2089,3.33,4,4.14,0.027,0
1074,2075,4.78,4,3.4,0.012,0
1086,2021,4.94,2,4.22,0.029,0
1087,2080,2.89,2,2.89,0.006,1
1002,2001,5.02,4,4.3,0.014,0
1037,2083,4.97,4,3.57,0.032,0
1086,2035,5.98,3,4.73,0.021,0
1001,2002,3.71,4,5.0,0.032,0
1021,2072,5.95,3,3.58,0.033,0
1074,2052,5.49,3,4.52,0.017,0
1002,2046,3.65,5,4.73,0.017,0
1029,2083,7.58,3,4.24,0.028,0
1092,2083,5.79,4,4.33,0.01,0
1071,2080,2.47,5,3.93,0.029,0
1082,2091,5.49,5,4.28,0.022,0
1082,2014,4.21,3,3.75,0.031,0
1014,2090,4.92,5,4.16,0.0,0
1086,2058,9.01,4,5.0,0.007,0
1087,2032,4.67,4,4.47,0.036,0
1020,2001,1.7,2,4.96,0.064,1
1002,2072,4.84,5,3.69,0.014,0
1037,2017,3.35,3,4.56,0.013,1
1074,2059,8.36,4,4.74,0.04,0
1086,2061,6.82,3,4.92,0.033,0
1074,2007,6.81,2,4.29,0.033,0
1021,2032,4.07,4,4.97,0.016,0
1086,2014,6.44,2,5.0,0.046,0
1029,2070,7.59,4,4.4,0.046,0
1082,2020,4.8,2,4.42,0.015,0
1071,2013,3.35,4,4.06,0.051,0
1086,2059,3.82,3,4.78,0.036,0
1060,2061,2.78,4,4.94,0.02,1
1060,2032,5.9,3,4.13,0.052,0
1092,2090,5.33,5,4.41,0.074,0
1074,2001,2.65,3,3.66,0.01,1
1029,2061,3.49,4,4.31,0.039,0
1021,2021,3.32,3,3.72,0.049,0
1021,2007,3.69,3,4.48,0.018,0
1074,2007,6.04,5,4.29,0.048,0
1023,2061,1.89,3,4.29,0.009,1
1001,2013,5.31,5,3.26,0.006,0
1052,2072,5.28,4,4.57,0.032,0
1014,2001,5.69,4,3.99,0.018,0
1092,2020,4.75,4,3.87,0.022,0
1087,2001,5.6,4,4.11,0.0,0
1074,2063,4.99,3,4.69,0.024,0
1014,2059,3.51,3,4.84,0.043,0
1029,2052,5.33,2,5.0,0.018,0
1051,2080,6.4,3,4.62,0.056,0
1074,2089,5.97,4,4.15,0.021,0
1092,2080,5.21,3,5.0,0.01,0
1020,2017,6.5,4,4.31,0.06,0
1001,2059,5.45,3,4.35,0.026,0
1021,2061,5.75,4,3.77,0.054,0
1020,2052,4.62,4,4.51,0.037,0
1002,2091,4.84,3,4.07,0.061,0
1052,2075,3.7,3,3.82,0.033,0
1052,2054,2.71,2,4.07,0.004,1
1002,2050,3.19,2,3.78,0.045,1
1087,2070,6.43,5,5.0,0.046,0
1071,2090,6.54,4,4.46,0.069,0
1087,2006,5.56,5,3.73,0.017,0
1052,2061,5.47,4,3.89,0.078,0
1023,2080,5.26,3,4.28,0.031,0
1087,2059,5.28,2,4.85,0.057,0
1021,2075,7.21,4,4.53,0.013,0
1087,2014,6.25,4,3.97,0.047,0
1087,2021,6.36,4,4.42,0.009,0
1023,2088,6.86,3,3.85,0.031,0
1051,2070,6.67,5,4.2,0.045,0
1087,2038,2.47,3,3.85,0.055,0
1002,2020,5.98,4,4.34,0.061,0
1082,2059,4.74,2,4.74,0.034,0
1099,2083,6.43,3,3.78,0.038,0
1052,2091,5.02,4,5.0,0.008,0
1021,2080,5.43,3,2.9,0.029,0
1092,2091,5.05,4,4.09,0.0,0
1074,2008,3.77,5,3.78,0.062,0
1060,2061,6.57,3,3.84,0.051,0
1021,2007,4.64,2,4.48,0.038,0
1052,2021,6.71,4,3.93,0.055,0
1051,2091,7.05,4,4.23,0.004,0
1037,2079,4.09,4,3.92,0.001,0
1020,2046,10.24,2,5.0,0.024,0
1087,2001,4.87,3,4.59,0.001,0
1087,2006,2.24,5,3.8,0.045,0
1014,2059,3.37,4,5.0,0.019,0
1071,2038,2.1,5,4.66,0.021,0
1071,2059,4.67,2,4.91,0.019,1
1060,2003,2.87,4,3.77,0.009,0
1074,2088,4.35,4,3.51,0.058,0
1074,2006,6.02,3,3.75,0.028,0
1052,2017,6.35,4,4.73,0.02,0
1086,2038,0.61,5,4.12,0.043,1
1087,2048,7.5,6,3.88,0.033,0
1023,2041,7.05,3,3.91,0.018,0
1037,2088,4.96,3,3.9,0.011,0
1060,2032,6.22,5,4.94,0.02,0
1074,2035,6.28,4,3.91,0.045,0
1002,2050,4.08,3,3.51,0.021,0
1001,2061,5.38,5,4.02,0.009,0
1051,2061,7.25,3,3.33,0.033,0
1074,2052,4.51,6,4.44,0.027,0
1029,2070,3.61,4,4.93,0.036,0
1052,2048,3.73,4,4.18,0.039,0
1021,2013,4.47,3,3.99,0.049,0
1052,2054,4.45,3,3.73,0.039,0
1087,2008,5.47,3,3.85,0.068,0
1087,2002,2.18,4,4.85,0.0,1
1021,2061,6.19,3,4.33,0.024,0
1082,2007,6.61,4,4.27,0.012,0
1086,2089,7.82,4,5.0,0.069,0
1023,2059,2.33,3,3.68,0.029,1
1002,2059,5.28,4,4.73,0.06,0
1087,2077,6.45,3,3.81,0.03,0
1052,2046,5.64,3,3.53,0.044,0
1023,2002,4.41,3,4.17,0.025,0
1060,2003,4.45,2,4.14,0.044,0
1092,2088,5.4,4,3.84,0.004,0
1001,2052,4.63,3,3.94,0.034,0
1087,2057,4.25,2,3.92,0.037,0
1021,2057,6.01,4,4.41,0.027,0
1001,2038,5.61,3,4.26,0.011,0
1051,2034,5.07,4,4.37,0.004,0
1060,2006,5.14,2,4.29,0.016,0
1060,2032,7.56,4,4.6,0.072,0
1052,2014,3.77,4,3.61,0.037,0
1087,2083,7.65,3,3.76,0.028,0
1023,2059,8.07,4,3.75,0.059,0
1014,2050,2.52,6,4.63,0.065,0
1087,2002,2.53,4,4.13,0.01,0
1087,2091,3.06,4,4.5,0.056,0
1052,2013,4.24,3,3.51,0.061,0
1092,2083,5.1,4,4.58,0.059,0
1014,2079,3.75,4,4.19,0.072,0
1074,2059,3.75,5,4.38,0.036,0
1014,2020,5.08,5,4.33,0.0,0
1071,2080,6.83,5,4.49,0.007,0
1071,2072,3.54,2,4.43,0.003,1
1020,2007,2.42,5,4.58,0.023,0
1074,2063,4.8,1,4.66,0.016,1
1092,2061,5.5,1,4.69,0.015,1
1092,2061,2.94,3,3.9,0.051,0
1099,2063,4.37,5,4.37,0.048,0
1002,2048,5.0,5,3.62,0.032,0
1086,2059,4.41,5,4.95,0.03,0
1002,2089,3.06,4,3.37,0.063,0
1020,2090,4.29,3,3.86,0.012,0
1020,2075,6.11,3,4.22,0.01,0
1037,2002,6.28,4,4.1,0.055,0
1037,2043,4.84,4,3.39,0.037,0
1086,2003,4.59,4,4.26,0.033,0
1029,2048,5.92,3,4.48,0.055,0
1086,2038,2.88,3,3.83,0.008,1
1074,2038,4.29,5,4.92,0.032,0
1074,2070,4.51,4,3.02,0.009,0
1051,2038,1.52,2,3.82,0.06,1
1074,2043,0.86,3,4.51,0.038,1
1087,2090,7.19,4,4.39,0.0,0
1014,2072,3.52,2,4.49,0.037,1
1099,2052,5.47,3,3.71,0.034,0
1074,2091,4.0,2,3.95,0.017,1
1002,2007,3.7,2,4.42,0.061,0
1074,2038,4.94,4,4.47,0.037,0
1074,2041,3.73,5,3.82,0.043,0
1023,2017,5.8,2,4.02,0.031,0
1071,2079,5.2,4,4.58,0.03,0
1023,2089,5.53,3,3.69,0.031,0
1099,2089,6.12,5,4.47,0.057,0
1074,2007,5.63,4,4.67,0.026,0
1074,2063,6.09,3,4.37,0.042,0
1023,2061,6.58,4,4.73,0.028,0
1051,2089,4.48,3,4.33,0.0,0
1092,2001,7.0,4,3.99,0.0,0
1052,2061,4.94,3,3.75,0.017,0
1086,2001,4.96,3,4.49,0.015,0
1099,2059,5.23,5,4.18,0.037,0
1082,2083,5.44,4,4.17,0.019,0
1074,2043,5.23,3,4.97,0.046,0
1060,2091,2.82,2,4.13,0.022,1
1071,2091,4.73,4,4.36,0.036,0
1092,2046,7.17,2,4.25,0.018,0
1021,2059,7.15,1,3.12,0.036,0
1029,2063,6.69,4,3.8,0.06,0
1060,2075,3.15,5,3.65,0.023,0
1074,2061,5.96,2,4.93,0.023,0
1002,2058,5.21,5,3.8,0.051,0
1082,2088,7.46,3,4.88,0.0,0
1087,2063,5.58,2,4.67,0.047,0
1001,2088,8.12,5,4.12,0.008,0
1074,2090,5.85,3,4.98,0.0,0
1074,2017,8.28,4,3.79,0.045,0
1074,2077,6.95,4,3.32,0.024,0
1087,2021,6.56,4,4.12,0.056,0
1021,2032,6.11,4,3.99,0.02,0
1060,2080,2.45,3,4.67,0.026,1
1086,2043,5.67,5,4.39,0.039,0
1023,2008,2.96,3,5.0,0.032,1
1099,2075,7.85,3,4.32,0.022,0
1023,2001,5.89,4,4.5,0.051,0
1074,2013,4.98,3,3.32,0.043,0
1071,2038,5.26,3,4.1,0.029,0
1099,2043,4.65,3,4.32,0.04,0
1074,2052,3.84,3,4.1,0.03,0
1023,2091,4.81,4,3.37,0.0,0
1099,2057,5.29,3,4.64,0.053,0
1086,2017,5.35,2,4.73,0.034,0
1051,2083,2.77,2,4.96,0.057,1
1087,2061,1.22,2,4.77,0.03,1
1037,2059,6.05,3,4.53,0.03,0
1014,2091,4.34,5,4.3,0.043,0
1021,2007,5.24,3,5.0,0.037,0
1074,2059,4.47,5,3.54,0.075,0
1002,2021,4.73,2,5.0,0.021,1
1060,2059,5.36,4,4.79,0.036,0
1092,2046,4.03,4,3.99,0.035,0
1052,2021,7.44,4,4.3,0.045,0
1071,2079,6.22,2,4.22,0.081,0
1087,2088,6.82,3,3.9,0.017,0
1023,2038,6.3,5,4.49,0.033,0
1099,2070,4.33,4,3.79,0.0,0
1087,2006,7.46,2,4.04,0.043,0
1029,2077,7.15,4,3.6,0.024,0
1060,2006,3.98,3,4.82,0.0,1
1071,2003,4.38,3,3.57,0.042,0
1037,2006,2.88,2,4.63,0.06,1
1074,2059,4.89,2,3.85,0.05,0
1099,2091,5.17,3,4.36,0.029,0
1021,2072,7.32,3,3.77,0.002,0
1086,2063,4.19,2,4.31,0.03,1
1071,2043,3.38,4,4.96,0.037,0
1099,2013,1.18,5,4.57,0.069,0
1099,2020,6.64,5,4.3,0.025,0
1023,2061,5.56,3,4.42,0.0,0
1082,2021,5.06,5,4.25,0.065,0
1021,2075,4.6,5,3.76,0.049,0
1082,2059,5.35,3,2.91,0.025,0
1037,2063,5.32,4,4.98,0.071,0
1092,2050,6.87,3,4.05,0.045,0
1086,2088,5.78,5,5.0,0.075,0
1029,2091,7.24,4,4.87,0.063,0
1014,2080,4.78,3,3.82,0.012,0
1087,2091,2.93,4,3.7,0.014,0
1029,2091,6.05,4,4.41,0.057,0
1086,2050,6.3,5,4.24,0.062,0
1060,2001,5.54,4,4.93,0.013,0
1051,2061,8.04,3,3.59,0.043,0
1060,2088,4.43,6,3.98,0.036,0
1087,2014,2.86,4,3.81,0.044,0
1020,2021,4.36,1,4.27,0.032,1
1051,2088,6.32,5,5.0,0.047,0
1051,2054,5.42,2,4.3,0.034,0
1086,2052,4.7,4,4.76,0.014,0
1087,2063,3.75,3,3.89,0.0,0
1020,2014,3.51,2,4.8,0.064,1
1092,2088,3.36,4,4.64,0.0,0
1002,2059,5.24,6,4.54,0.025,0
1071,2077,4.16,1,4.44,0.069,1
1014,2017,3.78,2,3.87,0.048,0
1021,2035,4.36,3,4.21,0.035,0
1099,2088,2.92,3,3.95,0.017,1
1029,2057,3.47,4,3.88,0.0,0
1021,2088,5.4,4,3.8,0.019,0
1086,2083,4.03,3,4.75,0.028,0
1092,2034,6.26,3,4.01,0.049,0
1001,2046,3.79,5,3.89,0.024,0
1021,2059,7.51,3,4.27,0.042,0
1051,2020,5.34,4,4.17,0.004,0
1052,2050,5.52,3,4.59,0.057,0
1002,2043,2.29,5,3.99,0.027,0
1071,2003,3.63,4,4.23,0.052,0
1021,2032,3.89,5,4.53,0.032,0
1014,2061,4.73,3,4.08,0.033,0
1037,2048,4.69,3,4.29,0.013,0
1014,2088,5.48,3,4.55,0.05,0
1074,2083,6.48,4,4.42,0.024,0
1029,2008,6.02,4,3.42,0.038,0
1087,2002,7.05,3,3.91,0.022,0
1037,2059,2.74,4,4.21,0.034,0
1074,2038,5.62,3,4.34,0.039,0
1001,2001,4.27,4,4.24,0.017,0
1002,2057,5.42,3,4.55,0.025,0
1071,2059,3.07,4,4.31,0.008,0
1087,2034,6.13,4,3.77,0.017,0
1082,2020,4.79,3,4.52,0.033,0
1021,2059,3.36,3,4.79,0.061,0
1002,2050,5.81,3,3.98,0.041,0
1021,2050,5.11,2,4.72,0.057,0
1002,2034,6.11,2,3.88,0.0,0
1071,2061,7.39,3,5.0,0.069,0
1002,2061,3.64,3,4.43,0.0,1
1074,2063,4.34,3,5.0,0.033,0
1060,2043,4.57,3,4.65,0.02,0
1052,2032,4.92,3,3.44,0.01,0
1014,2075,4.25,3,4.09,0.028,0
1014,2020,4.27,5,4.67,0.027,0
1071,2077,5.38,3,2.78,0.03,0
1099,2088,5.46,2,4.45,0.024,0
1087,2020,5.51,3,4.83,0.035,0
1029,2008,6.5,5,3.64,0.015,0
1087,2050,5.68,3,4.08,0.056,0
1071,2006,4.53,3,3.78,0.074,0
1099,2070,4.73,2,3.32,0.018,0
1002,2034,4.71,4,4.63,0.03,0
1092,2061,4.32,4,3.33,0.07,0
1037,2046,5.98,4,3.66,0.056,0
1099,2057,4.31,3,4.18,0.029,0
1029,2088,3.38,3,3.71,0.011,0
1082,2048,4.42,2,3.85,0.051,0
1052,2059,6.23,2,4.68,0.0,0
1071,2054,8.64,5,3.92,0.038,0
1087,2063,2.9,4,4.11,0.013,0
1071,2080,4.3,3,3.63,0.013,0
1074,2089,2.84,4,3.73,0.006,0
1086,2020,6.26,4,4.6,0.048,0
1087,2035,7.91,3,3.47,0.035,0
1037,2083,4.0,3,4.25,0.047,0
1087,2063,3.75,5,3.71,0.025,0
1037,2070,5.58,3,3.31,0.049,0
1074,2063,4.06,4,3.57,0.008,0
1020,2061,6.29,4,3.98,0.037,0
1074,2050,3.57,4,4.26,0.023,0
1099,2001,3.75,4,4.17,0.021,0
1020,2048,3.45,4,3.97,0.009,0
1029,2070,5.07,5,4.02,0.06,0
1023,2032,8.17,3,4.2,0.072,0
1060,2077,4.82,4,3.36,0.019,0
1051,2075,5.83,6,4.1,0.0,0
1001,2091,2.89,3,4.79,0.043,1
1023,2006,5.69,5,3.84,0.03,0
1021,2050,4.22,3,3.7,0.023,0
1020,2063,4.96,3,4.12,0.038,0
1074,2034,6.86,5,4.58,0.005,0
1087,2035,4.46,3,3.87,0.037,0
1029,2001,2.61,5,4.8,0.04,0
1014,2020,4.91,5,4.54,0.052,0
1060,2090,4.91,5,4.78,0.04,0
1037,2020,6.88,3,3.62,0.036,0
1014,2061,4.91,3,4.81,0.033,0
1021,2070,5.4,3,4.64,0.044,0
1002,2003,6.31,3,4.85,0.067,0
1037,2072,6.26,3,3.8,0.022,0
1002,2061,4.15,3,4.52,0.036,0
1082,2080,5.3,3,4.16,0.046,0
1001,2021,1.98,3,4.34,0.046,1
1099,2020,3.48,2,4.49,0.0,1
1071,2061,7.0,4,4.98,0.008,0
1029,2003,4.35,1,3.8,0.026,1
1001,2070,2.06,3,3.21,0.025,1
1074,2059,6.72,3,5.0,0.046,0
1086,2050,7.02,3,3.81,0.037,0
1037,2020,2.63,4,4.04,0.057,0
1051,2091,6.02,5,3.82,0.051,0
1074,2091,7.17,3,3.83,0.016,0
1060,2080,6.86,6,3.71,0.009,0
1074,2061,6.38,3,4.71,0.039,0
1087,2021,4.96,4,4.39,0.026,0
1051,2003,2.37,4,4.99,0.0,1
1002,2058,3.55,4,4.22,0.038,0
1060,2002,3.95,5,4.22,0.044,0
1087,2046,5.48,4,4.51,0.034,0
1086,2088,3.21,5,4.61,0.0,0
1087,2070,4.02,5,3.29,0.049,0
1099,2032,4.79,5,4.2,0.016,0
1023,2077,5.46,3,3.79,0.074,0
1092,2020,3.54,1,4.99,0.018,1
1051,2038,4.55,3,3.92,0.015,0
1014,2061,3.5,4,4.0,0.045,0
1029,2020,5.72,3,4.25,0.022,0
1029,2050,3.51,4,4.14,0.022,0
1002,2061,3.72,2,5.0,0.037,1
1071,2050,3.36,4,4.73,0.033,0
1051,2061,7.06,2,3.2,0.035,0
1020,2083,5.41,1,3.89,0.01,0
1021,2007,2.91,2,4.5,0.01,1
1099,2075,3.53,2,4.83,0.039,1
1002,2057,1.26,3,4.46,0.056,1
1086,2020,6.26,3,3.23,0.047,0
1029,2050,4.55,4,4.11,0.003,0
1001,2075,5.55,4,3.99,0.039,0
1023,2046,2.94,3,4.21,0.0,1
1087,2059,4.91,4,4.05,0.029,0
1087,2035,5.84,3,4.05,0.006,0
1020,2032,4.98,3,4.45,0.041,0
1001,2091,6.19,3,3.11,0.045,0
1071,2059,5.65,3,4.48,0.001,0
1001,2041,6.55,3,3.79,0.018,0
1099,2054,4.65,3,4.22,0.021,0
1060,2079,5.3,4,3.88,0.014,0
1071,2048,5.91,4,4.23,0.048,0
1074,2041,2.06,3,3.62,0.075,0
1020,2001,6.07,3,4.59,0.052,0
1060,2080,6.66,4,4.07,0.02,0
1014,2058,3.56,4,4.12,0.022,0
1052,2038,4.29,5,4.68,0.067,0
1029,2080,5.79,4,4.19,0.01,0
1029,2072,3.11,4,3.73,0.034,0
1029,2059,6.67,3,5.0,0.01,0
1037,2061,6.49,4,4.8,0.008,0
1087,2048,8.46,3,4.54,0.059,0
1021,2032,4.09,4,3.81,0.058,0
1052,2072,3.86,4,4.35,0.046,0
1074,2061,7.95,3,4.77,0.069,0
1029,2020,5.25,3,3.33,0.068,0
1099,2088,4.63,2,3.52,0.01,0
1014,2046,6.38,5,4.53,0.033,0
1021,2072,3.13,3,3.65,0.041,0
1092,2020,3.41,3,4.11,0.0,1
1099,2061,5.07,3,4.79,0.014,0
1014,2059,3.05,3,3.65,0.031,0
1014,2083,2.21,3,3.74,0.041,1
1037,2088,3.78,2,4.1,0.036,1
1023,2038,4.59,3,3.86,0.032,0
1029,2008,3.67,3,4.58,0.004,1
1092,2072,4.93,2,4.31,0.01,0
1029,2059,6.53,2,4.42,0.054,0
1082,2061,3.45,3,3.73,0.02,0
1037,2017,5.78,3,3.64,0.0,0
1001,2048,7.4,5,4.48,0.014,0
1092,2072,6.12,4,4.07,0.031,0
1071,2050,6.85,2,4.7,0.024,0
1014,2088,3.33,2,3.77,0.006,1
1020,2059,7.66,4,4.73,0.041,0
1086,2046,5.09,4,4.0,0.024,0
1021,2072,2.89,5,3.29,0.009,0
1001,2059,8.02,4,4.29,0.043,0
1037,2090,2.69,2,3.98,0.012,1
1099,2063,4.89,4,4.89,0.046,0
1074,2002,3.51,3,3.88,0.01,0
1002,2035,3.13,5,4.21,0.026,0
1087,2043,5.73,4,4.76,0.015,0
1037,2020,5.6,3,4.1,0.031,0
1087,2032,5.23,4,4.6,0.018,0
1087,2057,5.27,3,5.0,0.012,0
1087,2043,3.95,4,3.99,0.048,0
1023,2061,5.23,3,3.82,0.014,0
1074,2034,4.41,3,3.78,0.028,0
1037,2048,3.36,4,4.67,0.016,0
1087,2075,3.86,4,4.83,0.06,0
1029,2070,2.9,5,4.17,0.029,0
1060,2054,5.76,3,4.75,0.058,0
1074,2059,7.19,2,4.09,0.0,0
1023,2088,3.85,1,4.43,0.034,1
1037,2046,4.35,3,4.36,0.01,0
1014,2046,3.38,2,4.1,0.018,1
1087,2002,4.42,4,4.68,0.059,0
1087,2088,5.09,4,4.29,0.0,0
1001,2075,4.45,3,3.94,0.029,0
1002,2088,4.67,3,4.12,0.017,0
1099,2063,1.07,2,4.24,0.052,1
1099,2046,1.36,3,4.42,0.048,1
1020,2091,4.37,3,4.81,0.046,0
1087,2035,6.29,3,4.76,0.0,0
1052,2041,6.7,3,4.26,0.011,0
1086,2088,2.28,4,4.48,0.044,0
1060,2032,5.89,4,3.74,0.045,0
1074,2057,3.45,5,4.16,0.029,0
1001,2035,6.3,5,4.59,0.014,0
1087,2077,6.14,3,4.59,0.001,0
1001,2059,4.86,3,4.63,0.052,0
1087,2035,5.3,4,4.55,0.052,0
1037,2088,5.06,3,4.52,0.0,0
1037,2002,6.36,3,4.08,0.048,0
1060,2090,4.38,4,4.77,0.032,0
1020,2007,5.47,3,4.26,0.008,0
1037,2090,4.56,2,3.75,0.0,0
1021,2059,5.4,5,3.97,0.049,0
1002,2063,6.69,2,3.71,0.05,0
1086,2072,4.86,2,3.88,0.038,0
1037,2061,3.81,1,4.04,0.025,1
1021,2059,5.01,5,4.23,0.035,0
1087,2079,6.58,4,5.0,0.005,0
1074,2017,3.6,4,4.83,0.026,0
1082,2063,3.48,5,3.8,0.037,0
1029,2072,6.97,3,3.89,0.019,0
1021,2035,6.35,5,4.22,0.068,0
1074,2035,5.05,5,3.98,0.077,0
1023,2088,7.36,3,4.92,0.058,0
1001,2006,7.33,1,4.56,0.041,0
1020,2041,5.71,4,4.32,0.056,0
1037,2088,5.81,4,4.77,0.038,0
1074,2020,5.77,5,3.98,0.0,0
1052,2063,5.11,4,4.56,0.032,0
1087,2057,6.13,6,4.6,0.05,0
1001,2021,4.81,2,3.05,0.02,0
1074,2075,1.13,4,4.01,0.004,1
1020,2061,5.2,3,4.43,0.044,0
1021,2088,3.95,3,4.31,0.002,0
1060,2020,5.32,2,4.48,0.021,0
1014,2059,2.85,3,3.93,0.051,0
1021,2054,5.26,3,5.0,0.043,0
1051,2006,4.5,2,3.99,0.026,0
1092,2050,5.55,4,4.6,0.0,0
1001,2063,5.31,3,5.0,0.031,0
1086,2002,4.07,4,4.2,0.0,0
1014,2063,5.61,3,4.19,0.013,0
1086,2063,3.36,4,4.75,0.038,0
1087,2057,2.28,4,3.3,0.017,0
1087,2048,6.3,4,4.43,0.056,0
1060,2059,5.84,1,4.02,0.029,0
1074,2017,4.76,3,3.68,0.078,0
1060,2080,4.42,6,3.63,0.043,0
1052,2072,5.34,3,3.97,0.03,0
1037,2001,3.73,3,3.02,0.044,0
1014,2063,6.84,4,5.0,0.044,0
1074,2091,6.71,5,2.82,0.038,0
1060,2008,2.93,2,3.7,0.024,1
1037,2059,5.98,4,4.19,0.044,0
1002,2021,6.18,4,3.34,0.015,0
1074,2079,5.04,4,3.54,0.03,0
1074,2021,2.65,5,4.32,0.003,0
1092,2079,2.97,4,4.89,0.008,1
1002,2091,6.18,3,4.61,0.044,0
1037,2038,5.23,2,4.54,0.04,0
1014,2021,5.62,4,3.76,0.052,0
1052,2001,6.35,2,4.86,0.033,0
1087,2063,5.19,3,4.16,0.057,0
1001,2089,6.55,5,4.29,0.048,0
1086,2046,3.75,4,4.12,0.0,0
1060,2061,2.62,3,4.41,0.017,1
1002,2001,4.11,4,3.92,0.057,0
1037,2054,6.75,4,4.58,0.042,0
1086,2089,4.63,4,4.7,0.011,0
1002,2058,5.23,4,4.62,0.021,0
1014,2059,4.1,4,4.79,0.006,0
1099,2032,3.46,3,4.03,0.0,1
1001,2013,7.25,3,4.06,0.062,0
1001,2088,6.08,3,4.28,0.029,0
1087,2063,7.17,3,3.48,0.0,0
1023,2017,7.21,3,4.54,0.031,0
1092,2091,4.38,3,4.99,0.001,1
1023,2063,4.42,4,3.56,0.056,0
1074,2077,6.34,4,3.95,0.002,0
1051,2054,6.06,6,4.27,0.0,0
1014,2054,5.69,4,3.74,0.017,0
1086,2034,3.88,3,4.11,0.013,0
1071,2035,3.15,4,4.11,0.021,0
1029,2077,5.12,2,4.33,0.022,0
1087,2088,5.36,4,4.77,0.032,0
1092,2054,6.6,3,4.06,0.028,0
1087,2050,6.16,4,4.27,0.005,0
1020,2035,5.92,3,3.74,0.007,0
1021,2007,4.88,5,3.72,0.064,0
1052,2091,6.36,2,4.01,0.009,0
1020,2088,6.0,3,3.39,0.023,0
1014,2046,6.75,3,4.4,0.039,0
1021,2059,2.73,3,4.2,0.019,1
1074,2041,7.56,2,3.75,0.036,0
1092,2041,4.06,1,5.0,0.009,1
1092,2061,5.84,2,3.77,0.0,0
1074,2088,3.89,3,4.13,0.023,0
1023,2013,2.84,3,4.92,0.057,1
1052,2014,5.68,4,5.0,0.041,0
1092,2080,5.97,2,3.64,0.029,0
1082,2061,3.79,3,3.76,0.002,0
1099,2035,3.81,4,5.0,0.046,0
1092,2059,5.95,2,4.26,0.029,0
1087,2061,5.44,3,5.0,0.031,0
1071,2063,5.23,2,4.15,0.053,0
1002,2050,5.83,1,3.98,0.065,0
1021,2002,4.77,4,5.0,0.027,0
1087,2058,6.19,4,4.51,0.038,0
1052,2007,4.18,3,3.77,0.0,0
1052,2063,6.87,4,4.8,0.061,0
1001,2061,5.08,2,4.1,0.017,0
1014,2034,2.03,3,4.16,0.017,1
1002,2075,3.84,2,4.3,0.067,0
1002,2001,6.92,4,4.54,0.027,0
1020,2013,2.29,3,3.72,0.033,1
1074,2061,6.85,5,4.23,0.0,0
1071,2075,5.09,4,4.54,0.03,0
1087,2070,5.1,3,4.04,0.04,0
1074,2046,1.99,3,4.54,0.063,1
1021,2001,4.4,5,5.0,0.022,0
1002,2090,4.16,3,4.16,0.052,0
1021,2054,3.84,5,3.8,0.005,0
1021,2059,5.79,5,4.29,0.039,0
1099,2083,7.93,5,4.22,0.021,0
1002,2061,6.64,4,4.41,0.023,0
1092,2032,4.89,3,4.04,0.018,0
1023,2063,5.4,3,4.29,0.0,0
1001,2077,4.1,5,3.75,0.042,0
1020,2063,3.77,4,4.05,0.023,0
1060,2001,5.08,2,4.69,0.056,0
1021,2059,4.46,4,4.59,0.028,0
1060,2032,3.34,5,4.0,0.018,0
1086,2035,7.46,4,4.33,0.011,0
1099,2063,6.2,6,4.64,0.04,0
1023,2089,6.08,3,4.03,0.023,0
1092,2001,4.14,3,4.02,0.025,0
1060,2043,4.59,4,4.24,0.033,0
1021,2063,7.28,4,5.0,0.037,0
1099,2072,4.33,5,4.16,0.0,0
1014,2089,4.99,3,5.0,0.012,0
1060,2059,4.5,5,4.4,0.027,0
1099,2050,3.87,4,4.19,0.015,0
1087,2059,3.93,3,3.7,0.049,0
1074,2079,6.2,4,4.2,0.025,0
1071,2063,4.66,5,3.29,0.02,0
1020,2003,3.67,5,3.96,0.0,0
1001,2002,5.34,3,3.92,0.017,0
1087,2021,3.95,4,4.31,0.026,0
1074,2035,3.35,3,4.33,0.036,0
1074,2046,5.24,3,3.0,0.066,0
1021,2091,3.04,2,4.27,0.0,1
1037,2061,3.79,4,5.0,0.038,0
1052,2041,4.34,3,3.3,0.021,0
1071,2088,4.33,4,5.0,0.0,0
1014,2072,4.39,2,3.95,0.013,0
1020,2046,2.76,4,4.33,0.046,0
1021,2075,4.2,3,5.0,0.03,0
1087,2070,6.21,3,4.56,0.019,0
1099,2046,2.16,3,3.96,0.0,1
1014,2008,5.29,3,5.0,0.001,0
1087,2061,3.18,4,4.13,0.047,0
1074,2090,5.57,3,3.51,0.051,0
1020,2063,3.07,4,4.66,0.027,0
1001,2059,4.54,3,4.43,0.0,0
1071,2041,6.07,4,4.09,0.035,0
1060,2079,2.94,1,4.43,0.056,1
1052,2063,2.39,2,4.58,0.037,1
1099,2008,9.44,5,4.62,0.015,0
1029,2063,5.79,5,4.12,0.028,0
1021,2008,5.21,3,4.33,0.035,0
1060,2083,7.22,3,4.54,0.027,0
1014,2032,5.96,3,4.49,0.045,0
1074,2050,3.4,5,4.12,0.021,0
1052,2059,3.93,4,4.2,0.037,0
1002,2035,5.59,4,5.0,0.031,0
1002,2089,3.9,1,3.6,0.055,1
1014,2088,6.08,2,5.0,0.037,0
1087,2059,5.69,6,5.0,0.046,0
1014,2072,6.24,4,4.08,0.036,0
1021,2043,5.86,3,3.72,0.025,0
1001,2054,3.52,4,3.31,0.037,0
1060,2035,2.55,3,4.45,0.046,1
1087,2091,6.01,4,3.64,0.05,0
1029,2058,3.36,5,4.51,0.057,0
1060,2020,5.04,3,3.55,0.006,0
1001,2020,2.54,4,4.73,0.041,0
1071,2059,4.95,6,4.15,0.034,0
1060,2046,4.93,3,4.52,0.017,0
1020,2090,3.95,4,3.95,0.033,0
1087,2046,4.49,3,3.86,0.017,0
1086,2054,3.77,4,4.29,0.048,0
1001,2061,6.54,3,4.64,0.03,0
1014,2014,4.76,5,4.48,0.023,0
1082,2091,5.73,2,4.32,0.0,0
1087,2061,3.52,4,2.86,0.066,0
1060,2091,6.25,2,5.0,0.083,0
1074,2083,4.73,3,5.0,0.023,0
1087,2075,5.24,5,4.12,0.025,0
1001,2059,3.09,3,4.07,0.005,1
1020,2052,3.28,4,3.28,0.012,0
1029,2048,7.92,3,3.96,0.023,0
1020,2070,4.5,4,4.45,0.022,0
1037,2034,4.68,5,3.44,0.029,0
1037,2050,5.2,3,4.14,0.012,0
1029,2059,5.96,2,4.73,0.029,0
1051,2075,4.33,2,4.72,0.017,1
1092,2059,3.25,5,3.75,0.028,0
1029,2014,6.23,4,5.0,0.013,0
1082,2035,4.68,3,4.51,0.056,0
1029,2006,5.11,3,3.46,0.032,0
1037,2091,4.02,4,4.0,0.025,0
1051,2003,2.81,2,5.0,0.033,1
1087,2061,5.61,3,4.64,0.044,0
1074,2017,3.8,2,3.83,0.029,0
1086,2043,5.25,4,4.85,0.016,0
1023,2046,3.37,4,3.35,0.044,0
1021,2032,5.15,3,4.0,0.048,0
1092,2090,6.32,3,4.5,0.047,0
1021,2006,5.5,3,4.39,0.009,0
1052,2038,5.11,3,4.01,0.0,0
1082,2050,3.46,3,4.65,0.036,0
1037,2048,6.41,5,4.36,0.033,0
1087,2046,3.54,5,3.49,0.032,0
1087,2034,6.25,4,3.62,0.022,0
1099,2050,3.8,2,4.27,0.016,1
1060,2080,7.26,4,4.22,0.021,0
1099,2088,5.17,3,4.23,0.068,0
1087,2057,3.4,3,4.55,0.022,1
1087,2079,7.37,4,3.84,0.034,0
1021,2021,3.94,3,4.13,0.055,0
1074,2072,6.12,3,4.59,0.035,0
1086,2048,3.25,3,4.16,0.045,0
1071,2020,4.15,3,4.18,0.017,0
1074,2002,4.51,3,4.01,0.049,0
1037,2006,7.12,4,3.31,0.017,0
1086,2090,4.73,2,3.76,0.026,0
1087,2089,4.33,4,3.51,0.021,0
1087,2041,5.23,4,4.42,0.038,0
1020,2003,4.39,4,3.8,0.025,0
1001,2038,3.42,5,4.06,0.051,0
1052,2046,5.47,3,4.33,0.046,0
1052,2063,4.88,4,3.92,0.03,0
1014,2050,5.36,3,3.66,0.056,0
1001,2038,5.91,3,4.31,0.0,0
1086,2091,2.03,5,4.31,0.029,0
1029,2054,5.35,7,4.63,0.009,0
1092,2020,2.48,5,4.63,0.042,0
1074,2003,3.78,4,3.84,0.043,0
1037,2059,6.47,3,4.77,0.032,0
1052,2061,5.74,2,4.32,0.016,0
1087,2001,5.71,5,4.34,0.012,0
1071,2020,5.94,4,5.0,0.035,0
1060,2014,4.12,4,4.14,0.032,0
1099,2080,3.61,3,4.22,0.027,0
1023,2063,4.11,4,3.74,0.007,0
1092,2050,6.06,4,3.55,0.0,0
1092,2089,3.49,3,4.78,0.027,1
1087,2041,3.85,4,4.14,0.002,0
1099,2008,2.94,2,5.0,0.047,1
1074,2032,4.11,5,3.92,0.052,0
1023,2088,5.12,3,4.54,0.033,0
1021,2080,5.6,4,4.3,0.046,0
1087,2061,8.88,5,4.31,0.024,0
1037,2043,4.7,2,4.53,0.01,1
1037,2021,4.44,4,4.08,0.02,0
1060,2057,3.2,5,3.78,0.018,0
1023,2063,2.31,3,4.03,0.034,1
1087,2008,3.24,4,3.28,0.028,0
1099,2080,5.17,4,4.28,0.046,0
1060,2041,6.99,3,3.72,0.041,0
1037,2088,4.58,5,3.9,0.013,0
1023,2088,5.22,2,3.97,0.023,0
1092,2059,5.33,3,3.76,0.053,0
1092,2088,4.98,4,3.93,0.029,0
1087,2017,5.32,5,4.09,0.027,0
1001,2038,6.65,3,4.34,0.05,0
1060,2001,4.14,4,5.0,0.048,0
1001,2088,5.43,3,3.9,0.01,0
1087,2083,7.26,5,3.87,0.037,0
1087,2090,5.17,5,4.39,0.03,0
1023,2083,4.19,4,4.03,0.034,0
1074,2052,4.89,3,3.71,0.04,0
1087,2088,5.06,5,3.68,0.043,0
1001,2013,4.88,6,4.47,0.036,0
1052,2046,4.88,3,4.36,0.002,0
1029,2046,3.0,5,3.32,0.024,0
1052,2063,3.43,3,4.29,0.05,0
1099,2050,6.83,3,3.97,0.111,0
1071,2006,4.62,3,3.84,0.025,0
1029,2046,4.41,3,4.19,0.029,0
1051,2001,3.57,4,4.26,0.04,0
1052,2014,2.43,4,3.21,0.026,0
1029,2089,5.99,5,4.37,0.044,0
1086,2034,4.55,3,5.0,0.047,0
1092,2052,3.24,2,3.97,0.054,1
1052,2090,5.07,1,4.11,0.03,0
1001,2091,1.38,4,3.69,0.0,1
1037,2035,7.41,2,3.87,0.016,0
1023,2048,5.0,5,3.6,0.024,0
1086,2059,5.18,3,4.04,0.042,0
1029,2007,3.87,3,3.98,0.028,0
1071,2041,5.36,4,5.0,0.0,0
1051,2072,4.75,2,4.01,0.048,0
1087,2006,6.8,5,4.82,0.027,0
1060,2006,7.1,5,4.27,0.054,0
1082,2006,5.06,5,4.12,0.018,0
1001,2035,3.32,3,4.24,0.011,1
1037,2017,4.62,3,3.66,0.051,0
1092,2046,6.82,5,4.16,0.03,0
1060,2059,3.41,4,4.28,0.087,0
1082,2008,6.63,4,4.18,0.05,0
1087,2070,3.63,5,3.66,0.019,0
1052,2059,2.24,4,4.32,0.019,1
1023,2061,3.61,5,4.13,0.015,0
1020,2038,7.88,3,4.77,0.007,0
1087,2050,4.47,4,4.17,0.035,0
1087,2054,4.19,2,4.93,0.02,1
1074,2083,5.43,4,4.35,0.016,0
1052,2041,6.74,4,4.3,0.034,0
1086,2061,7.52,3,4.41,0.019,0
1087,2046,2.1,2,3.69,0.017,1
1086,2046,8.26,4,4.59,0.017,0
1074,2046,5.09,6,3.59,0.039,0
1082,2007,7.42,4,5.0,0.034,0
1052,2061,5.91,4,4.47,0.012,0
1052,2054,6.19,4,4.23,0.065,0
1087,2034,4.6,5,4.85,0.047,0
1074,2061,3.55,4,5.0,0.0,0
1071,2089,4.72,5,4.14,0.046,0
1087,2002,7.11,4,4.45,0.032,0
1023,2054,5.45,6,4.17,0.023,0
1060,2061,6.56,3,3.89,0.018,0
1092,2061,4.62,3,4.55,0.023,0
1014,2054,6.11,4,3.87,0.047,0
1021,2059,6.4,2,4.35,0.02,0
1074,2077,6.95,3,3.53,0.029,0
1052,2091,3.65,4,3.8,0.03,0
1082,2013,7.32,5,4.44,0.027,0
1074,2008,5.57,4,3.71,0.047,0
1074,2088,3.35,4,3.65,0.069,0
1071,2083,6.15,2,4.2,0.02,0
1029,2079,4.04,4,3.74,0.045,0
1086,2020,6.06,4,4.19,0.043,0
1001,2059,6.19,4,3.54,0.014,0
1086,2020,4.6,2,4.31,0.058,0
1071,2006,6.88,4,4.56,0.074,0
1087,2046,6.27,4,3.48,0.057,0
1052,2057,5.6,3,4.04,0.019,0
1060,2001,6.89,3,3.94,0.015,0
1087,2090,5.26,3,3.91,0.002,0
1002,2059,6.44,3,3.66,0.025,0
1052,2017,5.82,4,4.3,0.031,0
1082,2080,3.08,4,3.35,0.039,0
1074,2061,5.92,3,4.38,0.024,0
1074,2059,5.55,4,3.8,0.043,0
1092,2035,7.54,4,3.95,0.075,0
1014,2059,5.13,4,4.33,0.039,0
1029,2059,4.49,4,4.68,0.023,0
1087,2077,4.37,3,3.65,0.016,0
1092,2058,3.91,3,4.62,0.059,0
1002,2058,5.09,4,4.32,0.0,0
1092,2050,3.28,4,4.63,0.047,0
1052,2058,4.73,2,3.69,0.012,0
1074,2059,5.94,3,5.0,0.059,0
1051,2046,7.51,3,4.45,0.02,0
1029,2001,5.49,3,4.81,0.014,0
1071,2050,2.08,6,4.42,0.009,0
1074,2038,4.76,3,4.2,0.046,0
1087,2059,5.97,4,4.2,0.052,0
1052,2088,2.11,3,3.71,0.05,1
1001,2038,3.89,2,4.47,0.012,1
1074,2041,4.47,6,4.59,0.026,0
1071,2050,4.82,4,4.53,0.032,0
1020,2034,5.16,2,3.35,0.026,0
1021,2059,4.05,4,4.3,0.015,0
1074,2046,5.24,3,5.0,0.038,0
1020,2001,2.66,5,3.88,0.011,0
1087,2061,8.22,4,4.55,0.045,0
1029,2043,4.69,3,4.0,0.062,0
1082,2058,5.31,5,4.16,0.015,0
1037,2091,2.84,4,5.0,0.012,1
1023,2020,5.77,2,3.92,0.035,0
1001,2061,2.41,3,3.78,0.042,1
1014,2050,4.75,4,4.06,0.003,0
1071,2058,2.77,2,4.52,0.081,1
1060,2017,5.65,5,4.77,0.02,0
1087,2079,6.9,3,3.97,0.026,0
1051,2014,4.76,4,3.86,0.048,0
1023,2079,6.31,4,5.0,0.056,0
1021,2080,6.6,4,4.38,0.04,0
1074,2050,5.02,3,3.0,0.044,0
1074,2052,6.56,2,4.5,0.018,0
1029,2001,4.45,5,3.7,0.01,0
1074,2059,7.71,3,4.82,0.0,0
1099,2007,2.72,3,3.96,0.002,1
1086,2020,5.55,4,3.75,0.014,0
1071,2038,3.97,2,2.75,0.028,0
1074,2090,4.35,3,3.69,0.046,0
1023,2043,8.64,3,4.9,0.037,0
1001,2046,5.05,3,4.16,0.053,0
1074,2007,3.29,3,4.82,0.05,1
1071,2091,3.32,3,4.56,0.043,0
1074,2063,6.46,4,4.48,0.037,0
1037,2059,7.37,3,4.22,0.01,0
1086,2088,3.18,4,3.84,0.029,0
1052,2048,7.43,5,5.0,0.063,0
1021,2077,8.6,4,3.75,0.01,0
1037,2063,7.09,4,4.26,0.019,0
1002,2007,4.36,4,3.67,0.035,0
1087,2017,7.27,1,3.43,0.044,0
1087,2070,7.05,3,3.2,0.059,0
1082,2080,3.78,3,4.36,0.017,0
1086,2043,3.69,3,5.0,0.053,0
1037,2075,5.86,1,4.49,0.04,0
1001,2072,3.08,4,4.73,0.041,0
1001,2046,3.98,4,4.57,0.031,0
1099,2032,6.88,4,4.58,0.046,0
1029,2021,3.4,4,4.03,0.051,0
1092,2008,5.69,3,3.56,0.0,0
1001,2041,5.47,3,4.53,0.0,0
1029,2013,7.39,4,4.25,0.064,0
1060,2090,6.42,3,4.24,0.0,0
1087,2059,6.6,3,3.21,0.006,0
1021,2021,6.31,5,4.21,0.01,0
1082,2046,2.87,5,4.42,0.023,0
1029,2003,4.15,4,4.52,0.012,0
1014,2088,3.29,2,3.97,0.016,1
1021,2020,7.43,3,3.58,0.006,0
1021,2088,4.72,2,4.17,0.003,0
1001,2006,6.74,4,5.0,0.025,0
1021,2089,0.3,5,4.45,0.043,1
1092,2008,3.5,3,4.29,0.025,0
1021,2043,2.4,6,4.62,0.038,0
1074,2034,6.97,4,3.86,0.055,0
1051,2050,6.28,3,4.6,0.025,0
1074,2001,5.31,4,4.88,0.017,0
1082,2052,5.55,6,4.11,0.034,0
1014,2059,8.02,4,3.46,0.014,0
1002,2054,6.03,4,4.28,0.073,0
1014,2013,4.07,3,3.22,0.053,0
1092,2032,3.8,5,4.68,0.077,0
1052,2059,5.97,3,4.43,0.015,0
1074,2006,5.48,3,4.16,0.012,0
1020,2035,5.45,4,3.37,0.016,0
1060,2035,5.25,1,5.0,0.016,1
1002,2063,3.59,3,4.27,0.015,0
1023,2072,6.47,4,3.78,0.02,0
1023,2002,2.72,2,4.39,0.013,1
1014,2043,7.71,4,3.52,0.007,0
1087,2088,6.58,3,4.7,0.023,0
1099,2021,4.16,5,3.77,0.04,0
1020,2013,4.68,4,5.0,0.022,0
1023,2059,4.18,4,3.66,0.062,0
1060,2034,7.17,3,3.41,0.007,0
1086,2001,3.28,4,4.97,0.046,0
1051,2046,4.65,4,3.77,0.052,0
1021,2043,5.65,4,3.84,0.027,0
1087,2020,6.09,5,3.9,0.046,0
1087,2002,3.93,6,3.99,0.043,0
1086,2079,5.25,6,4.31,0.02,0
1021,2054,5.96,4,4.12,0.008,0
1060,2061,4.21,4,3.33,0.025,0
1082,2034,6.49,3,5.0,0.0,0
1071,2059,3.56,1,5.0,0.011,1
1002,2083,2.02,3,3.5,0.018,1
1051,2079,5.06,4,4.11,0.031,0
1082,2032,4.13,2,3.28,0.023,0
1071,2001,5.13,3,3.3,0.034,0
1092,2072,7.44,3,3.91,0.029,0
1037,2043,3.34,2,4.43,0.05,1
1092,2079,4.78,2,4.38,0.071,0
1092,2050,4.63,3,3.76,0.04,0
1021,2059,3.99,5,3.87,0.037,0
1087,2091,4.93,5,4.4,0.058,0
1092,2088,5.16,3,4.18,0.015,0
1001,2061,5.8,3,4.26,0.047,0
1086,2034,7.38,4,4.63,0.045,0
1029,2061,4.43,6,3.91,0.032,0
1029,2001,7.18,5,4.21,0.05,0
1087,2079,4.66,3,3.59,0.044,0
1074,2048,6.24,3,4.33,0.083,0
1001,2059,6.72,3,4.7,0.012,0
1002,2046,0.66,3,4.98,0.058,1
1074,2020,5.57,3,4.44,0.025,0
1087,2052,4.23,5,3.94,0.053,0
1020,2091,4.11,6,3.38,0.011,0
1002,2008,4.77,2,2.91,0.0,0
1052,2020,4.56,3,4.37,0.026,0
1099,2059,5.45,3,4.56,0.042,0
1023,2059,4.51,4,4.1,0.0,0
1087,2007,6.36,3,4.65,0.036,0
1002,2006,4.87,2,4.97,0.023,1
1060,2046,5.95,3,4.06,0.034,0
1023,2058,5.04,3,4.17,0.039,0
1087,2017,5.75,4,4.51,0.022,0
1086,2059,8.34,5,4.58,0.0,0
1074,2046,5.91,3,3.71,0.023,0
1060,2038,3.7,4,5.0,0.047,0
1092,2008,9.14,2,3.95,0.011,0
1002,2006,6.84,3,4.29,0.043,0
1087,2059,2.82,3,4.7,0.019,1
1060,2002,2.43,3,4.06,0.033,1
1086,2014,4.89,3,4.67,0.027,0
1082,2050,5.31,3,4.95,0.022,0
1014,2072,5.11,5,4.34,0.035,0
1099,2075,2.04,4,4.23,0.041,0
1087,2034,5.27,3,4.65,0.034,0
1082,2020,3.07,5,3.48,0.048,0
1074,2002,7.23,2,4.14,0.026,0
1037,2001,4.74,5,3.65,0.024,0
1092,2032,7.25,3,3.73,0.035,0
1082,2080,6.21,3,4.48,0.002,0
1029,2034,3.02,3,4.5,0.045,1
1087,2091,3.23,4,4.28,0.012,0
1052,2091,3.0,4,4.84,0.031,0
1087,2046,3.6,2,4.96,0.051,1
1051,2091,5.45,5,4.31,0.019,0
1082,2077,5.83,3,3.7,0.045,0
1071,2077,6.28,2,3.58,0.021,0
1052,2079,3.93,4,4.22,0.053,0
1037,2046,5.48,3,3.25,0.034,0
1082,2050,2.43,3,3.84,0.02,1
1086,2008,3.03,3,4.77,0.053,1
1087,2035,7.3,4,4.34,0.053,0
1074,2002,2.79,4,4.85,0.012,1
1021,2013,7.07,6,4.59,0.042,0
1099,2046,3.32,5,3.69,0.037,0
1074,2063,5.71,1,4.4,0.082,0
1001,2003,1.86,3,3.23,0.012,1
1021,2057,2.11,4,4.6,0.038,1
1052,2080,3.6,3,4.34,0.012,0
1087,2091,3.01,3,3.73,0.038,0
1099,2061,6.95,6,4.37,0.043,0
1002,2059,4.1,3,4.84,0.024,0
1029,2059,5.11,5,4.07,0.06,0
1060,2063,5.86,4,3.88,0.04,0
1074,2008,4.36,4,4.15,0.049,0
1029,2052,4.95,6,4.06,0.019,0
1002,2061,5.52,5,4.74,0.033,0
1060,2041,5.51,4,3.66,0.05,0
1087,2059,3.11,2,4.23,0.024,1
1023,2089,6.19,4,4.27,0.007,0
1086,2003,5.04,3,4.31,0.021,0
1087,2059,5.78,3,4.41,0.046,0
1087,2014,4.2,3,4.44,0.004,0
1052,2034,6.67,4,4.14,0.041,0
1052,2038,5.73,4,4.64,0.017,0
1020,2034,6.07,2,4.46,0.023,0
1099,2090,3.03,4,4.18,0.0,0
1060,2034,1.83,3,5.0,0.036,1
1087,2003,4.0,5,4.65,0.055,0
1020,2013,6.03,4,4.57,0.02,0
1092,2059,2.54,3,4.75,0.022,1
1092,2032,4.78,2,3.92,0.03,0
1092,2080,5.74,3,3.94,0.047,0
1051,2006,5.49,4,4.96,0.02,0
1060,2091,4.93,4,3.76,0.035,0
1086,2032,5.03,6,4.25,0.053,0
1060,2001,6.24,2,3.43,0.035,0
1082,2088,6.89,4,4.24,0.024,0
1021,2063,3.01,3,3.39,0.008,0
1092,2083,4.21,4,3.98,0.035,0
1037,2017,5.2,4,3.68,0.051,0
1052,2063,2.89,3,4.19,0.045,0
1051,2013,7.07,4,4.91,0.013,0
1087,2006,6.79,5,3.0,0.026,0
1051,2063,5.9,3,3.66,0.072,0
1001,2034,5.17,4,3.55,0.018,0
1074,2013,3.65,5,4.45,0.019,0
1074,2063,5.84,3,4.32,0.035,0
1001,2007,5.63,4,4.41,0.055,0
1002,2058,5.96,3,4.15,0.055,0
1071,2057,5.17,3,3.88,0.035,0
1001,2048,3.72,5,3.68,0.06,0
1086,2041,4.57,2,4.29,0.011,0
1037,2059,5.05,3,4.67,0.033,0
1074,2054,3.22,3,4.55,0.056,0
1074,2050,4.93,2,4.73,0.044,0
1014,2063,6.96,4,3.94,0.04,0
1023,2038,5.49,3,4.3,0.026,0
1029,2079,6.12,4,3.67,0.007,0
1086,2046,4.87,4,4.58,0.04,0
1014,2059,7.19,3,3.94,0.011,0
1092,2075,6.12,4,3.27,0.034,0
1023,2002,5.4,3,4.35,0.006,0
1023,2008,7.46,4,3.31,0.03,0
1052,2020,5.61,2,4.47,0.064,0
1051,2007,4.03,4,4.3,0.049,0
1020,2075,4.84,2,4.65,0.01,1
1052,2020,7.71,4,3.9,0.052,0
1087,2089,4.99,3,3.86,0.0,0
1071,2059,5.91,2,3.8,0.039,0
1092,2059,4.25,4,3.59,0.023,0
1082,2007,5.25,3,5.0,0.017,0
1029,2017,7.07,3,3.42,0.007,0
1074,2059,5.26,5,5.0,0.033,0
1014,2043,3.23,4,3.79,0.038,0
1074,2013,3.59,1,4.86,0.025,1
1029,2070,5.07,4,5.0,0.044,0
1092,2058,5.15,4,4.05,0.031,0
1087,2063,5.22,3,4.21,0.037,0
1082,2052,5.78,4,3.53,0.055,0
1060,2080,6.72,3,4.43,0.026,0
1023,2032,6.13,3,4.87,0.044,0
1074,2090,6.09,3,3.49,0.048,0
1029,2079,2.93,4,3.81,0.0,0
1029,2002,5.0,5,3.72,0.062,0
1087,2050,5.99,4,3.98,0.023,0
1023,2080,5.65,4,3.9,0.014,0
1060,2007,4.68,5,3.59,0.053,0
1014,2088,5.06,2,3.97,0.042,0
1099,2020,7.7,2,2.79,0.004,0
1071,2020,6.7,2,4.95,0.054,0
1086,2032,5.29,3,4.23,0.042,0
1087,2001,5.69,5,4.07,0.004,0
1037,2001,2.78,2,4.3,0.025,1
1023,2035,5.05,3,3.64,0.042,0
1087,2063,1.31,3,4.59,0.012,1
1074,2072,5.59,3,3.97,0.041,0
1052,2059,3.08,4,4.22,0.055,0
1099,2008,5.31,2,5.0,0.01,0
1023,2020,4.66,4,3.26,0.059,0
1020,2043,3.27,3,4.34,0.029,0
1029,2070,6.18,2,4.56,0.046,0
1023,2075,6.54,2,3.47,0.023,0
1037,2061,2.96,2,4.01,0.035,1
1086,2046,9.2,4,5.0,0.029,0
1014,2075,5.84,3,5.0,0.016,0
1074,2048,4.18,4,4.3,0.022,0
1023,2046,6.44,3,4.18,0.035,0
1060,2077,2.4,2,4.74,0.016,1
1023,2061,4.8,5,4.16,0.026,0
1099,2057,6.34,3,4.8,0.048,0
1014,2001,7.75,3,4.88,0.041,0
1074,2072,3.01,1,3.8,0.036,1
1099,2080,5.66,3,4.17,0.027,0
1074,2057,6.55,2,4.33,0.014,0
1060,2075,3.64,5,3.71,0.027,0
1020,2020,7.94,4,3.97,0.023,0
1021,2008,3.16,5,4.71,0.044,0
1087,2088,6.2,3,3.43,0.041,0
1002,2057,6.33,5,4.1,0.023,0
1051,2075,4.64,4,4.06,0.029,0
1099,2008,6.25,3,4.9,0.043,0
1014,2001,2.21,3,3.19,0.026,0
1037,2061,4.25,4,3.76,0.038,0
1023,2001,5.85,4,4.77,0.071,0
1074,2006,5.17,4,3.76,0.01,0
1023,2035,6.55,4,3.69,0.004,0
1014,2034,4.03,3,4.0,0.033,0
1087,2079,6.38,4,4.47,0.0,0
1029,2059,2.58,3,3.88,0.047,0
1020,2043,3.68,4,3.81,0.006,0
1023,2090,3.27,6,3.8,0.044,0
1060,2061,2.66,5,4.37,0.035,0
1074,2061,5.62,4,4.6,0.018,0
1052,2048,4.01,4,4.54,0.029,0
1014,2090,6.16,4,4.09,0.0,0
1002,2061,4.24,5,4.37,0.017,0
1002,2046,5.38,4,3.88,0.055,0
1052,2032,5.74,2,4.63,0.022,0
1099,2014,4.73,2,4.52,0.027,0
1086,2034,6.01,3,3.87,0.015,0
1052,2001,5.59,3,4.1,0.02,0
1037,2041,5.66,2,4.32,0.065,0
1021,2057,6.85,3,4.45,0.036,0
1060,2046,7.2,1,4.76,0.025,0
1051,2050,3.89,3,3.55,0.018,0
1087,2083,3.38,4,4.49,0.025,0
1023,2050,7.25,3,4.05,0.021,0
1021,2050,5.9,4,4.45,0.028,0
1002,2059,2.99,3,4.94,0.05,1
1037,2088,5.44,3,4.19,0.022,0
1074,2061,6.79,3,4.66,0.019,0
1037,2007,6.98,4,3.83,0.024,0
1082,2017,6.07,3,4.21,0.02,0
1087,2058,7.64,5,4.93,0.028,0
1023,2061,4.4,3,4.97,0.049,0
1074,2077,6.47,3,3.32,0.0,0
1052,2089,5.09,3,3.88,0.037,0
1086,2061,6.52,3,3.55,0.016,0
1023,2061,3.43,4,4.2,0.068,0
1023,2063,6.1,5,3.5,0.0,0
1071,2089,5.36,4,4.14,0.032,0
1082,2052,3.31,4,4.57,0.006,0
1087,2058,4.47,3,3.86,0.007,0
1087,2063,5.02,4,3.89,0.008,0
1021,2046,5.62,3,4.05,0.021,0
1082,2072,6.87,3,5.0,0.045,0
1074,2007,7.73,4,4.09,0.012,0
1014,2006,4.47,5,4.18,0.043,0
1052,2088,5.31,4,4.34,0.04,0
1074,2079,3.78,3,4.35,0.033,0
1074,2070,4.31,4,3.81,0.006,0
1060,2046,5.44,2,4.34,0.0,0
1002,2002,3.91,3,3.4,0.023,0
1014,2072,6.78,2,4.03,0.064,0
1037,2017,3.41,5,4.06,0.032,0
1029,2050,6.94,3,4.52,0.048,0
1087,2088,4.02,3,4.09,0.026,0
1002,2013,3.38,3,2.47,0.023,0
1092,2063,6.34,2,3.97,0.079,0
1087,2001,4.97,5,3.69,0.039,0
1014,2057,3.23,4,4.62,0.042,0
1086,2070,4.48,4,4.34,0.043,0
1099,2090,4.81,4,4.92,0.024,0
1037,2059,5.07,3,4.37,0.037,0
1029,2059,5.09,4,5.0,0.0,0
1023,2080,4.26,3,4.93,0.04,0
1087,2020,5.75,5,4.11,0.043,0
1071,2001,4.2,2,5.0,0.037,1
1071,2014,5.97,2,4.46,0.066,0
1086,2088,4.58,2,4.29,0.009,1
1001,2008,2.66,3,3.95,0.01,1
1029,2007,6.99,5,4.51,0.038,0
1029,2059,4.79,3,5.0,0.029,0
1021,2063,4.31,5,4.16,0.05,0
1023,2038,4.39,5,4.69,0.056,0
1029,2007,3.94,3,5.0,0.025,1
1001,2048,6.22,6,3.28,0.024,0
1099,2063,5.0,2,3.97,0.011,0
1052,2057,6.29,2,5.0,0.044,0
1074,2006,3.42,5,4.5,0.029,0
1014,2021,3.92,4,4.26,0.016,0
1060,2054,2.99,3,3.95,0.053,0
1074,2050,6.29,3,3.99,0.05,0
1021,2091,5.4,4,3.85,0.028,0
1001,2017,5.01,3,4.57,0.045,0
1099,2017,3.62,3,3.86,0.058,0
1071,2072,8.38,3,4.12,0.047,0
1021,2061,3.94,4,4.19,0.0,0
1014,2046,3.05,3,4.81,0.012,1
1092,2046,4.2,4,3.37,0.036,0
1071,2063,2.68,4,3.8,0.011,0
1087,2059,5.41,4,4.39,0.034,0
1071,2043,5.33,4,4.42,0.022,0
1020,2077,5.98,3,4.75,0.046,0
1086,2059,8.27,4,4.65,0.0,0
1020,2008,6.41,5,4.95,0.032,0
1020,2050,4.49,2,3.7,0.029,0
1087,2020,2.37,3,4.24,0.031,1
1021,2059,3.55,2,3.66,0.026,1
1023,2091,8.19,5,4.31,0.041,0
1020,2058,6.52,4,4.05,0.013,0
1002,2050,4.81,5,4.06,0.008,0
1051,2077,2.41,3,3.69,0.021,1
1037,2041,7.18,3,3.82,0.036,0
1021,2052,7.88,3,3.02,0.043,0
1002,2002,5.52,4,4.09,0.014,0
1051,2046,7.27,2,4.05,0.023,0
1082,2091,6.28,5,4.09,0.034,0
1074,2080,5.42,5,4.72,0.019,0
1014,2089,5.66,4,4.14,0.037,0
1071,2013,5.03,4,3.52,0.012,0
1020,2063,6.23,2,4.44,0.028,0
1087,2041,6.55,4,3.97,0.026,0
1021,2021,2.02,3,3.56,0.026,1
1074,2070,4.04,3,4.79,0.004,1
1052,2059,3.56,3,3.96,0.012,0
1087,2001,4.46,4,4.53,0.042,0
1023,2083,2.14,4,4.42,0.017,1
1023,2052,7.5,5,4.11,0.018,0
1071,2054,7.48,3,4.24,0.031,0
1099,2038,8.45,3,4.19,0.013,0
1037,2058,4.42,2,3.79,0.0,0
1074,2083,6.32,4,4.32,0.029,0
1029,2075,5.11,5,3.82,0.036,0
1060,2061,5.41,5,4.42,0.04,0
1071,2079,3.11,3,3.62,0.0,1
1074,2021,5.6,3,4.4,0.031,0
1020,2063,5.36,5,4.2,0.043,0
1060,2088,4.55,4,3.58,0.0,0
1023,2006,8.16,5,3.23,0.029,0
1037,2088,5.22,4,5.0,0.009,0
1029,2002,3.49,3,3.72,0.0,0
1002,2058,4.66,4,4.19,0.042,0
1052,2091,5.72,2,4.23,0.0,0
1087,2007,4.23,4,4.2,0.004,0
1020,2008,3.37,4,4.61,0.026,0
1020,2003,4.61,4,3.81,0.065,0
1074,2088,2.98,5,4.47,0.078,0
1020,2061,3.32,1,4.82,0.001,1
1021,2083,5.92,5,4.39,0.035,0
1092,2054,5.6,4,4.49,0.006,0
1051,2003,7.74,4,4.46,0.044,0
1060,2041,6.73,5,4.27,0.031,0
1023,2008,5.61,5,3.64,0.043,0
1001,2059,3.67,5,4.38,0.022,0
1052,2006,5.64,4,4.12,0.0,0
1052,2006,3.46,3,3.36,0.018,0
1021,2003,4.25,3,4.59,0.012,0
1020,2075,5.13,3,4.14,0.062,0
1029,2063,5.27,4,3.82,0.043,0
1086,2061,5.88,4,3.6,0.018,0
1092,2061,7.15,3,4.98,0.019,0
1086,2013,5.22,3,3.78,0.013,0
1074,2090,3.94,4,4.65,0.032,0
1021,2089,4.95,5,4.22,0.019,0
1052,2008,3.5,5,4.04,0.018,0
1001,2021,4.0,5,3.91,0.05,0
1029,2021,4.65,2,4.03,0.029,0
1074,2035,4.83,3,4.04,0.014,0
1087,2063,5.02,4,3.47,0.056,0
1087,2080,-0.54,4,4.43,0.018,1
1092,2080,1.81,3,4.28,0.007,1
1021,2013,3.75,4,4.26,0.0,0
1082,2020,5.67,3,3.81,0.034,0
1071,2077,5.16,3,3.95,0.025,0
1086,2046,3.83,5,3.42,0.025,0
1092,2072,2.81,4,4.08,0.009,0
1074,2054,6.03,1,4.34,0.053,0
1014,2072,5.27,3,3.58,0.052,0
1071,2035,6.39,3,3.89,0.054,0
1086,2091,5.8,2,4.1,0.025,0
1029,2007,5.37,4,3.94,0.034,0
1099,2046,4.33,7,4.26,0.03,0
1037,2091,7.76,2,4.15,0.011,0
1002,2090,5.95,3,4.49,0.04,0
1037,2088,6.17,4,4.09,0.002,0
1082,2091,6.51,5,3.73,0.045,0
1092,2089,3.24,4,4.4,0.021,0
1099,2013,5.14,4,4.15,0.016,0
1074,2001,3.16,3,3.61,0.022,0
1087,2090,4.3,4,4.24,0.081,0
1087,2046,1.98,4,3.97,0.011,1
1074,2061,4.96,3,4.74,0.032,0
1029,2061,3.96,4,4.09,0.007,0
1001,2043,4.63,4,4.24,0.037,0
1071,2088,4.21,4,4.26,0.033,0
1002,2020,5.05,6,4.76,0.036,0
1074,2059,3.8,3,5.0,0.019,1
1060,2007,4.75,3,4.38,0.021,0
1060,2079,5.27,3,4.86,0.016,0
1060,2046,6.47,3,3.77,0.016,0
1087,2079,2.43,4,3.62,0.023,0
1023,2003,6.14,4,3.48,0.036,0
1060,2089,6.71,3,4.46,0.007,0
1074,2091,5.58,4,4.53,0.042,0
1002,2002,2.97,4,4.93,0.0,1
1021,2032,6.45,5,3.46,0.017,0
1014,2050,5.78,3,4.88,0.051,0
1001,2077,2.92,3,4.58,0.045,1
1074,2007,8.33,3,4.93,0.012,0
1099,2038,5.75,4,2.7,0.048,0
1052,2061,7.08,5,5.0,0.049,0
1029,2001,4.19,5,3.9,0.032,0
1014,2034,6.25,4,4.88,0.08,0
1021,2091,3.29,3,4.36,0.021,1
1099,2032,4.89,4,4.52,0.035,0
1087,2050,5.22,3,4.9,0.063,0
1082,2020,6.53,2,4.07,0.034,0
1082,2003,3.59,4,4.21,0.052,0
1074,2061,4.25,5,3.72,0.014,0
1074,2050,4.43,4,2.99,0.039,0
1087,2089,7.56,4,4.09,0.008,0
1060,2089,2.28,2,4.13,0.072,1
1052,2050,0.92,4,3.86,0.023,1
1092,2059,3.59,2,4.26,0.035,1
1071,2091,6.0,2,4.64,0.048,0
1021,2063,5.64,3,4.35,0.027,0
1071,2090,6.45,3,4.25,0.0,0
1021,2038,5.46,3,4.46,0.046,0
1051,2020,4.09,4,4.29,0.037,0
1082,2007,6.18,4,4.01,0.062,0
1060,2059,6.13,5,4.37,0.038,0
1074,2090,4.82,3,4.69,0.035,0
1074,2075,4.8,2,4.98,0.032,1
1099,2014,3.16,4,4.1,0.025,0
1014,2063,5.86,3,4.05,0.057,0
1020,2020,2.39,3,4.66,0.043,1
1023,2091,6.53,6,5.0,0.007,0
1074,2034,2.58,4,3.52,0.0,0
1086,2020,5.47,4,5.0,0.045,0
1014,2046,7.88,4,3.63,0.046,0
1071,2001,7.0,4,4.93,0.028,0
1082,2017,5.82,3,5.0,0.047,0
1014,2088,3.32,5,3.83,0.03,0
1029,2059,5.7,4,4.44,0.007,0
1001,2043,5.73,5,4.74,0.004,0
1021,2001,4.02,2,4.37,0.0,1
1051,2007,3.32,3,3.3,0.029,0
1087,2021,1.84,4,4.0,0.018,1
1002,2007,4.31,3,4.5,0.056,0
1060,2017,6.52,6,4.54,0.033,0
1014,2059,4.31,3,4.47,0.01,0
1023,2075,5.34,3,3.84,0.009,0
1071,2057,8.79,2,4.17,0.054,0
1087,2063,5.79,3,3.6,0.033,0
1074,2088,1.04,4,4.22,0.051,1
1023,2035,3.28,3,4.42,0.034,0
1060,2059,2.99,3,4.9,0.035,1
1060,2032,2.5,4,3.4,0.024,0
1001,2089,5.84,5,3.03,0.044,0
1051,2083,6.29,3,4.25,0.0,0
1020,2072,0.88,5,3.93,0.023,1
1099,2034,5.35,3,3.97,0.038,0
1082,2091,2.76,5,4.08,0.01,0
1060,2006,3.29,4,4.05,0.0,0
1037,2043,4.1,3,4.83,0.033,0
1021,2091,7.35,3,4.05,0.038,0
1014,2057,5.91,4,3.76,0.013,0
1060,2080,4.47,5,3.7,0.019,0
1071,2052,6.09,4,4.48,0.032,0
1023,2054,3.4,3,4.76,0.045,0
1002,2061,3.0,4,4.85,0.031,0
1060,2079,5.64,5,3.85,0.077,0
1074,2059,6.83,4,4.18,0.04,0
1014,2079,2.66,6,4.76,0.059,0
1087,2001,5.05,3,3.86,0.046,0
1037,2034,4.23,3,4.47,0.017,0
1037,2061,6.57,3,3.45,0.017,0
1051,2070,6.96,3,4.65,0.032,0
1074,2091,4.74,6,3.56,0.015,0
1001,2001,4.96,6,4.19,0.035,0
1001,2041,4.5,4,4.06,0.044,0
1023,2061,6.16,3,3.64,0.032,0
1092,2079,7.1,3,4.37,0.006,0
1052,2002,3.44,5,4.55,0.037,0
1071,2079,1.52,3,4.5,0.001,1
1052,2091,4.47,4,3.44,0.0,0
1037,2032,2.76,4,3.92,0.048,0
1001,2001,5.18,5,3.58,0.037,0
1099,2061,3.81,4,4.26,0.01,0
1060,2002,4.76,4,3.9,0.045,0
1029,2006,3.45,6,4.68,0.037,0
1099,2013,9.27,3,4.51,0.034,0
1020,2080,6.2,5,4.47,0.051,0
1052,2035,4.17,3,5.0,0.042,0
1014,2063,5.37,3,4.68,0.014,0
1029,2032,3.39,4,3.0,0.042,0
1051,2014,5.57,3,4.07,0.028,0
1082,2059,3.82,4,4.08,0.032,0
1092,2050,4.77,3,4.34,0.046,0
1001,2061,4.21,4,4.46,0.004,0
1001,2035,6.46,6,4.16,0.027,0
1002,2020,4.68,4,4.46,0.0,0
1023,2075,3.7,4,4.13,0.007,0
1087,2013,7.25,3,4.22,0.027,0
1037,2048,3.38,4,4.4,0.021,0
1074,2075,4.5,4,3.21,0.013,0
1074,2075,5.32,3,3.93,0.048,0
1001,2091,4.05,5,3.32,0.0,0
1060,2013,6.32,3,3.72,0.05,0
1087,2050,4.25,4,3.89,0.037,0
1029,2091,4.23,3,5.0,0.052,0
1014,2046,3.91,3,4.94,0.01,1
1002,2034,3.6,4,5.0,0.031,0
1086,2020,6.57,2,4.38,0.023,0
1086,2075,7.8,5,5.0,0.016,0
1002,2021,5.05,4,3.87,0.033,0
1021,2083,6.36,3,3.85,0.015,0
1037,2020,2.98,4,3.85,0.014,0
1074,2070,5.79,3,3.94,0.046,0
1020,2021,4.15,1,4.87,0.013,1
1051,2046,3.92,3,4.23,0.025,0
1060,2007,6.48,5,3.86,0.011,0
1051,2090,4.22,4,4.14,0.02,0
1052,2054,3.05,1,3.7,0.055,1
1001,2059,5.65,3,4.56,0.004,0
1074,2090,5.09,2,4.37,0.035,0
1099,2088,5.42,5,4.59,0.006,0
1074,2034,6.77,3,3.21,0.028,0
1071,2035,5.97,2,4.87,0.012,0
1051,2050,4.28,3,3.35,0.01,0
1002,2061,3.93,3,2.7,0.044,0
1001,2032,6.06,5,3.45,0.024,0
1074,2046,6.41,5,4.94,0.032,0
1029,2091,4.92,2,4.73,0.021,0
1014,2003,5.05,3,3.0,0.014,0
1021,2088,5.68,3,4.43,0.046,0
1099,2020,3.77,3,4.13,0.045,0
1052,2089,4.65,2,4.1,0.045,0
1020,2063,7.04,4,3.46,0.022,0
1020,2014,5.71,4,4.45,0.025,0
1071,2089,6.29,3,4.29,0.045,0
1071,2059,5.86,4,4.49,0.009,0
1001,2001,5.03,3,4.06,0.007,0
1092,2001,5.52,2,4.51,0.03,0
1086,2059,7.85,3,4.1,0.044,0
1052,2063,4.78,4,4.7,0.025,0
1023,2048,6.79,2,5.0,0.0,0
1020,2059,7.03,2,5.0,0.033,0
1087,2046,3.58,5,3.66,0.025,0
1002,2059,8.91,4,3.19,0.025,0
1087,2079,4.46,4,4.18,0.041,0
1002,2034,2.71,3,4.36,0.015,1
1087,2061,6.64,3,4.27,0.028,0
1014,2089,3.48,4,3.54,0.021,0
1099,2021,5.05,2,4.51,0.035,0
1001,2043,5.8,4,3.62,0.03,0
1092,2058,5.93,2,3.64,0.025,0
1086,2059,4.44,3,4.05,0.033,0
1092,2050,6.83,4,4.23,0.008,0
1014,2038,3.92,4,3.97,0.011,0
1074,2035,8.15,5,4.14,0.008,0
1074,2061,6.09,3,4.64,0.02,0
1014,2008,7.47,3,5.0,0.034,0
1021,2001,7.08,3,3.54,0.0,0
1099,2041,6.91,4,3.58,0.056,0
1074,2089,6.73,5,3.53,0.055,0
1074,2077,5.58,5,4.47,0.033,0
1037,2079,6.89,4,4.74,0.02,0
1021,2063,4.74,2,3.92,0.046,0
1029,2003,5.85,3,4.84,0.089,0
1082,2034,3.65,3,3.89,0.028,0
1087,2080,5.41,3,4.06,0.032,0
1086,2048,5.71,5,4.19,0.019,0
1051,2006,6.04,4,4.1,0.04,0
1051,2059,4.43,3,3.25,0.023,0
1087,2054,2.36,3,4.49,0.0,1
1051,2050,4.72,4,4.08,0.02,0
1051,2080,5.49,4,4.2,0.021,0
1023,2077,6.3,2,4.54,0.038,0
1074,2057,5.3,3,3.26,0.058,0
1082,2059,6.26,3,4.58,0.034,0
1086,2006,4.13,5,3.98,0.057,0
1052,2020,5.8,4,4.49,0.041,0
1060,2046,5.32,3,4.23,0.048,0
1074,2075,6.08,4,3.15,0.026,0
1092,2059,4.52,2,4.65,0.0,1
1001,2006,6.25,5,4.1,0.029,0
1099,2038,6.45,3,4.53,0.012,0
1014,2052,3.17,4,4.19,0.0,0
1071,2088,7.12,3,4.46,0.062,0
1060,2091,5.37,5,3.77,0.058,0
1023,2032,3.76,3,3.47,0.035,0
1029,2089,5.95,4,3.48,0.037,0
1092,2020,5.62,4,3.81,0.0,0
1060,2079,6.06,3,4.34,0.028,0
1074,2014,5.35,4,3.27,0.053,0
1087,2050,4.73,5,3.97,0.016,0
1087,2061,4.78,4,4.06,0.041,0
1021,2061,4.42,4,5.0,0.037,0
1086,2032,5.66,2,4.88,0.051,0
1082,2088,3.93,5,4.36,0.031,0
1029,2057,6.94,3,3.84,0.034,0
1060,2057,5.79,4,4.12,0.013,0
1020,2072,8.79,2,4.23,0.046,0
1021,2061,6.73,3,3.26,0.018,0
1002,2021,6.29,4,4.54,0.044,0
1087,2054,7.01,3,3.6,0.037,0
1082,2072,3.43,2,4.81,0.035,1
1074,2038,5.04,4,4.15,0.054,0
1074,2021,2.73,2,3.73,0.036,1
1014,2090,7.71,4,4.5,0.028,0
1074,2046,3.0,4,5.0,0.025,0
1037,2059,4.16,3,4.5,0.032,0
1082,2061,6.37,3,4.08,0.035,0
1060,2075,4.19,5,4.61,0.008,0
1086,2054,3.88,4,4.29,0.036,0
1023,2088,4.71,4,4.12,0.041,0
1092,2043,6.16,5,3.94,0.03,0
1074,2014,3.17,5,3.21,0.064,0
1020,2063,5.14,4,4.12,0.031,0
1023,2072,5.88,2,3.87,0.013,0
1087,2077,5.67,4,4.51,0.033,0
1087,2079,6.59,3,4.23,0.052,0
1071,2038,6.36,2,3.69,0.028,0
1071,2088,4.65,3,4.6,0.036,0
1071,2001,5.52,4,4.74,0.0,0
1092,2035,4.42,3,4.44,0.021,0
1086,2088,5.11,4,3.9,0.037,0
1082,2050,7.33,4,3.41,0.024,0
1099,2043,5.53,4,4.07,0.017,0
1014,2052,5.1,2,4.75,0.067,0
1029,2014,5.59,3,4.67,0.045,0
1014,2063,4.59,3,3.9,0.033,0
1014,2041,5.45,3,3.66,0.003,0
1021,2088,5.62,3,4.16,0.039,0
1014,2050,3.65,2,4.32,0.0,1
1071,2059,4.61,6,3.53,0.021,0
1021,2020,1.82,3,5.0,0.039,1
1020,2089,4.08,6,3.33,0.039,0
1002,2034,5.1,3,4.6,0.006,0
1023,2003,5.47,4,3.76,0.069,0
1051,2002,4.73,3,3.69,0.027,0
1002,2058,8.5,3,4.46,0.049,0
1099,2091,4.73,3,4.44,0.025,0
1020,2061,4.5,4,4.17,0.054,0
1074,2072,4.86,2,2.49,0.0,0
1060,2059,2.5,4,3.71,0.0,0
1037,2083,4.8,2,4.43,0.039,0
1037,2079,5.82,1,4.22,0.028,0
1074,2003,3.17,1,4.15,0.051,1
1002,2008,1.13,3,4.27,0.052,1
1052,2020,4.53,5,3.3,0.0,0
1014,2061,6.53,1,4.43,0.024,0
1023,2088,3.65,3,3.56,0.024,0
1002,2041,5.03,3,3.91,0.035,0
1001,2079,7.49,3,4.61,0.011,0
1087,2063,3.0,4,4.08,0.053,0
1023,2046,6.99,4,4.61,0.0,0
1099,2017,5.67,4,3.56,0.03,0
1087,2003,3.44,5,3.72,0.014,0
1099,2089,4.3,6,4.7,0.062,0
1001,2061,2.28,2,4.87,0.0,1
1023,2061,3.99,6,3.72,0.0,0
1020,2063,5.07,2,4.82,0.012,1
1087,2001,3.36,4,4.0,0.035,0
1086,2063,5.78,3,3.62,0.045,0
1074,2020,3.96,3,4.27,0.0,0
1052,2059,5.59,4,4.76,0.02,0
1099,2035,6.99,4,4.19,0.066,0
1029,2059,5.14,3,4.26,0.019,0
1020,2057,5.56,5,4.2,0.032,0
1086,2070,6.2,5,3.97,0.033,0
1086,2061,6.2,4,3.27,0.05,0
1087,2077,5.78,4,3.6,0.033,0
1092,2080,6.27,3,3.89,0.047,0
1086,2089,4.0,3,3.68,0.066,0
1023,2054,5.78,3,3.98,0.005,0
1020,2058,4.83,4,3.8,0.032,0
1086,2052,4.45,5,3.88,0.046,0
1087,2077,7.09,3,3.91,0.048,0
1099,2052,2.33,4,3.41,0.054,0
1051,2046,4.62,3,3.84,0.0,0
1099,2089,6.9,3,5.0,0.014,0
1029,2048,4.03,3,4.11,0.062,0
1029,2041,6.52,2,4.8,0.044,0
1052,2013,5.72,3,3.9,0.033,0
1074,2058,4.17,5,3.9,0.0,0
1052,2059,3.05,2,4.07,0.034,1
1014,2020,5.08,4,4.07,0.026,0
1086,2001,7.63,5,4.4,0.048,0
1086,2063,2.11,3,3.98,0.014,1
1001,2017,2.68,4,4.89,0.03,1
1051,2050,5.97,3,3.98,0.048,0
1037,2041,2.86,2,3.48,0.047,1
1060,2050,5.13,4,5.0,0.007,0
1020,2061,6.81,3,3.93,0.032,0
1092,2063,5.36,3,4.51,0.032,0
1060,2052,4.7,3,4.32,0.003,0
1060,2035,3.39,3,4.47,0.073,0
1071,2059,4.76,2,3.8,0.043,0
1099,2032,3.54,2,4.53,0.039,1
1099,2046,2.79,3,4.82,0.047,1
1023,2052,3.2,2,4.33,0.024,1
1071,2050,5.27,4,3.72,0.021,0
1074,2061,3.65,3,4.48,0.033,0
1060,2090,2.66,4,4.02,0.045,0
1002,2091,3.48,3,4.33,0.008,1
1052,2059,4.59,2,4.0,0.029,0
1087,2058,5.02,3,4.37,0.033,0
1087,2007,4.87,3,4.73,0.038,0
1037,2054,3.45,4,4.64,0.028,0
1086,2070,4.98,1,3.78,0.047,0
1029,2058,3.83,3,3.77,0.035,0
1023,2046,5.59,4,3.63,0.032,0
1074,2088,7.36,4,4.25,0.0,0
1020,2034,4.63,5,4.86,0.039,0
1051,2007,3.92,4,4.59,0.049,0
1029,2050,5.47,4,4.17,0.028,0
1029,2059,4.31,4,4.7,0.044,0
1020,2001,3.17,2,4.75,0.034,1
1087,2083,5.32,4,5.0,0.021,0
1086,2091,6.67,4,3.4,0.014,0
1029,2057,4.09,5,4.81,0.037,0
1052,2048,4.22,3,4.77,0.004,0
1087,2077,4.84,6,3.94,0.005,0
1014,2079,2.35,6,4.37,0.013,0
1099,2061,4.72,3,3.27,0.046,0
1020,2091,5.05,4,4.2,0.033,0
1014,2046,1.65,4,3.66,0.013,1
1087,2072,4.21,1,3.91,0.017,1
1051,2014,4.43,2,4.66,0.038,0
1082,2079,3.7,3,4.62,0.025,0
1014,2054,3.14,3,3.66,0.016,0
1074,2057,4.92,5,5.0,0.057,0
1051,2020,4.89,6,4.48,0.01,0
1023,2072,5.14,3,3.58,0.007,0
1002,2090,4.78,4,4.73,0.005,0
1002,2003,4.55,4,4.28,0.044,0
1023,2054,4.35,5,4.2,0.045,0
1087,2002,4.43,4,3.4,0.013,0
1071,2017,4.69,4,5.0,0.022,0
1029,2059,2.94,5,4.74,0.007,0
1086,2090,5.7,4,4.28,0.037,0
1021,2032,4.05,4,3.95,0.0,0
1092,2061,5.29,2,4.71,0.007,0
1051,2061,1.32,2,4.18,0.034,1
1074,2057,2.88,2,4.2,0.049,1
1014,2050,3.18,4,3.33,0.036,0
1020,2002,6.13,4,4.7,0.049,0
1020,2034,7.77,4,5.0,0.011,0
1014,2008,4.69,3,3.68,0.0,0
1014,2050,6.3,3,4.0,0.062,0
1037,2083,5.86,5,4.26,0.041,0
1052,2046,4.64,3,4.48,0.021,0
1051,2020,5.97,3,4.11,0.028,0
1020,2001,6.62,3,4.79,0.012,0
1002,2090,5.4,3,4.76,0.014,0
1092,2057,3.92,2,4.25,0.042,0
1087,2091,5.72,3,3.87,0.024,0
1082,2006,4.64,4,4.29,0.065,0
1087,2034,5.06,4,4.24,0.023,0
1087,2014,5.53,3,4.17,0.053,0
1074,2046,4.27,4,2.96,0.026,0
1086,2057,4.26,4,4.08,0.033,0
1092,2050,4.43,4,3.34,0.032,0
1029,2008,3.59,5,3.72,0.05,0
1052,2048,4.98,2,3.76,0.047,0
1092,2063,6.19,2,4.98,0.03,0
1051,2020,6.33,2,3.97,0.038,0
1014,2061,4.53,1,4.1,0.0,1
1037,2017,3.39,2,4.77,0.059,1
1082,2057,5.51,3,4.21,0.053,0
1051,2091,2.02,2,4.7,0.054,1
1020,2091,5.88,2,4.69,0.057,0
1074,2075,6.08,1,4.26,0.042,0
1052,2021,4.23,4,3.94,0.013,0
1074,2050,7.27,4,3.65,0.002,0
1052,2003,3.71,3,4.27,0.04,0
1074,2075,5.73,3,4.66,0.055,0
1087,2002,4.61,2,4.25,0.073,0
1020,2063,3.41,3,4.23,0.041,0
1023,2063,2.02,5,4.85,0.022,0
1020,2072,9.06,5,4.79,0.054,0
1092,2014,6.74,3,4.14,0.011,0
1021,2038,4.13,3,4.23,0.062,0
1074,2059,1.85,5,3.69,0.028,0
1074,2089,3.91,5,3.95,0.04,0
1092,2048,5.86,2,4.15,0.054,0
1071,2075,3.69,4,4.03,0.053,0
1099,2013,7.62,1,3.53,0.021,0
1002,2080,7.2,4,3.58,0.044,0
1029,2059,3.63,4,4.47,0.012,0
1087,2020,4.9,5,3.25,0.036,0
1023,2059,3.34,3,4.43,0.07,0
1002,2013,4.96,5,3.78,0.02,0
1052,2089,5.88,4,4.04,0.023,0
1086,2017,7.0,3,3.69,0.013,0
1074,2075,6.0,6,3.94,0.073,0
1023,2046,4.98,3,3.74,0.026,0
1092,2088,3.87,3,3.37,0.065,0
1029,2059,6.6,4,4.13,0.03,0
1029,2043,3.83,2,4.56,0.025,1
1037,2048,5.49,2,4.04,0.007,0
1071,2080,5.73,4,4.93,0.017,0
1021,2058,3.31,3,3.85,0.039,0
1020,2091,2.9,2,4.03,0.045,1
1082,2088,3.46,4,4.38,0.061,0
1092,2020,3.8,2,4.5,0.036,1
1014,2043,5.3,2,4.59,0.017,0
1002,2041,5.3,3,4.38,0.006,0
1060,2001,5.75,4,4.26,0.063,0
1074,2061,5.31,4,4.25,0.047,0
1014,2075,2.7,4,3.64,0.033,0
1023,2008,5.58,4,4.44,0.023,0
1023,2008,3.87,1,4.23,0.053,1
1087,2061,5.16,3,4.27,0.022,0
1001,2038,5.29,3,3.75,0.028,0
1051,2007,4.85,5,3.8,0.027,0
1037,2052,4.62,3,4.46,0.075,0
1001,2006,4.52,4,3.24,0.022,0
1071,2006,7.33,3,4.45,0.018,0
1060,2048,5.39,5,3.62,0.074,0
1029,2052,2.68,3,3.78,0.025,1
1029,2080,3.73,3,3.61,0.043,0
1071,2057,4.64,3,4.34,0.0,0
1029,2035,5.46,3,4.17,0.04,0
1071,2061,7.47,4,4.1,0.006,0
1087,2054,1.41,4,3.57,0.0,1
1002,2014,4.47,4,4.57,0.051,0
1023,2059,6.31,4,3.47,0.027,0
1052,2089,5.87,4,4.12,0.031,0
1037,2017,5.37,3,3.78,0.0,0
1092,2058,4.69,4,4.22,0.049,0
1074,2050,6.7,3,4.15,0.041,0
1060,2083,5.64,3,4.53,0.027,0
1037,2043,4.81,4,4.05,0.032,0
1023,2059,5.45,4,4.57,0.035,0
1023,2050,1.09,4,4.4,0.042,1
1086,2020,3.57,1,4.6,0.006,1
1052,2061,6.83,3,3.69,0.037,0
1099,2063,5.92,4,4.45,0.016,0
1087,2046,2.71,3,3.63,0.039,0
1074,2061,6.31,4,4.2,0.024,0
1052,2007,6.47,2,3.6,0.067,0
1071,2059,3.12,4,4.57,0.0,0
1060,2046,2.4,5,3.71,0.011,0
1021,2035,4.22,3,4.46,0.006,0
1087,2061,2.05,5,3.63,0.015,0
1002,2001,6.24,4,4.76,0.047,0
1014,2041,4.32,5,4.28,0.018,0
1021,2091,5.44,2,4.62,0.044,0
1002,2077,5.18,2,4.78,0.039,0
1052,2080,4.97,3,3.93,0.023,0
1001,2063,6.15,3,4.06,0.027,0
1092,2088,4.85,3,4.11,0.037,0
1020,2032,3.64,3,5.0,0.029,1
1074,2046,3.6,2,3.57,0.063,0
1001,2050,6.51,2,4.31,0.054,0
1060,2035,4.94,3,5.0,0.0,0
1001,2089,8.95,4,4.85,0.006,0
1051,2058,3.91,2,4.15,0.036,1
1082,2041,6.6,2,4.28,0.048,0
1092,2079,6.62,3,3.99,0.028,0
1092,2038,5.28,5,3.59,0.014,0
1092,2063,3.0,4,4.75,0.002,1
1082,2061,5.13,5,4.59,0.045,0
1099,2038,3.22,4,4.11,0.051,0
1001,2050,5.67,3,4.34,0.046,0
1071,2043,4.24,4,3.53,0.041,0
1051,2079,4.92,4,4.46,0.022,0
1099,2003,3.73,2,3.95,0.048,0
1037,2072,2.37,2,4.63,0.057,1
1020,2017,3.53,2,4.9,0.028,1
1029,2008,3.66,5,4.45,0.045,0
1099,2054,3.74,4,4.82,0.043,0
1020,2014,6.38,5,4.41,0.019,0
1014,2061,6.32,2,4.09,0.042,0
1051,2002,0.17,4,4.35,0.007,1
1092,2090,5.49,4,4.22,0.054,0
1029,2035,6.32,4,3.69,0.03,0
1082,2059,6.78,3,4.98,0.043,0
1086,2043,7.56,2,4.12,0.029,0
1082,2061,5.91,3,3.4,0.038,0
1002,2088,4.45,3,3.85,0.032,0
1051,2035,3.38,3,3.79,0.018,0
1051,2017,5.53,4,4.05,0.049,0
1060,2059,3.54,2,3.53,0.008,1
1020,2001,3.03,6,3.42,0.049,0
1051,2059,4.96,4,3.75,0.037,0
1074,2001,3.63,4,4.7,0.027,0
1074,2046,4.9,4,4.39,0.05,0
1074,2020,6.49,3,3.96,0.046,0
1023,2054,4.77,4,4.47,0.05,0
1021,2014,5.39,3,5.0,0.061,0
1082,2038,3.47,3,3.81,0.047,0
1074,2043,7.75,3,4.28,0.015,0
1001,2083,7.55,4,3.79,0.0,0
1023,2052,6.56,3,4.62,0.036,0
1071,2001,2.25,3,4.02,0.016,1
1001,2070,5.17,4,5.0,0.039,0
1099,2008,7.24,3,4.78,0.022,0
1037,2001,3.62,3,2.88,0.047,0
1074,2046,3.06,5,4.11,0.0,0
1071,2017,3.32,4,3.26,0.042,0
1014,2050,2.73,3,4.3,0.039,1
1074,2091,6.2,2,4.05,0.052,0
1087,2061,4.54,4,4.28,0.056,0
1074,2059,4.3,2,3.72,0.034,0
1074,2041,2.65,3,4.24,0.015,1
1060,2059,5.49,4,4.43,0.0,0
1086,2020,5.12,4,4.01,0.036,0
1037,2050,5.42,3,3.7,0.029,0
1087,2043,7.8,3,4.72,0.031,0
1060,2034,3.8,3,4.19,0.043,0
1051,2059,8.57,4,3.58,0.0,0
1052,2061,4.37,2,4.48,0.041,0
1074,2006,4.78,4,4.23,0.067,0
1023,2002,5.94,4,3.48,0.007,0
1092,2052,5.72,2,3.89,0.054,0
1029,2041,4.03,2,4.53,0.071,0
1087,2034,3.79,5,3.73,0.028,0
1086,2043,4.9,3,4.64,0.0,0
1087,2091,5.29,5,4.6,0.04,0
1052,2070,7.38,3,3.44,0.033,0
1099,2088,4.81,1,3.64,0.005,1
1074,2090,3.78,3,4.04,0.014,0
1087,2058,3.12,4,4.26,0.033,0
1074,2057,7.67,4,4.02,0.028,0
1052,2088,5.15,4,4.18,0.0,0
1074,2034,4.34,4,4.85,0.014,0
1087,2080,2.55,4,4.63,0.022,1
1020,2043,8.57,6,4.16,0.034,0
1087,2059,7.05,3,3.8,0.048,0
1014,2059,5.7,3,4.34,0.027,0
1099,2059,4.42,3,4.26,0.025,0
1074,2006,5.43,4,4.32,0.035,0
1087,2063,4.19,5,3.78,0.0,0
1074,2052,3.39,5,4.43,0.056,0
1074,2038,3.02,6,4.06,0.0,0
1071,2017,8.29,2,4.0,0.026,0
1092,2091,5.67,3,4.72,0.045,0
1029,2052,5.03,5,4.17,0.024,0
1037,2032,8.0,4,3.71,0.013,0
1052,2041,5.03,1,3.88,0.028,0
1001,2021,4.75,2,3.98,0.054,0
1023,2059,6.46,4,4.17,0.027,0
1074,2006,5.35,4,4.36,0.04,0
1092,2048,3.18,3,4.3,0.011,1
1060,2041,3.99,3,4.12,0.034,0
1087,2006,3.73,4,4.11,0.033,0
1029,2038,4.45,4,5.0,0.022,0
1060,2061,4.18,3,4.17,0.029,0
1020,2035,5.08,4,4.37,0.03,0
1014,2003,7.93,4,3.66,0.0,0
1087,2091,3.96,4,3.81,0.017,0
1020,2061,5.04,3,3.18,0.052,0
1092,2001,6.27,2,4.23,0.008,0
1021,2061,4.09,4,4.61,0.046,0
1082,2080,5.37,5,3.89,0.022,0
1020,2089,1.11,3,4.49,0.036,1
1020,2003,4.06,4,4.16,0.045,0
1014,2088,5.73,5,4.37,0.042,0
1037,2020,4.88,3,4.45,0.06,0
1002,2050,4.08,3,4.21,0.044,0
1002,2017,5.52,4,5.0,0.017,0
1023,2001,5.91,4,4.21,0.042,0
1092,2013,4.6,4,3.55,0.019,0
1082,2034,6.57,5,4.33,0.021,0
1099,2001,6.24,5,3.99,0.001,0
1087,2080,5.67,4,4.49,0.061,0
1001,2041,7.35,3,4.3,0.02,0
1051,2043,3.47,3,4.56,0.036,0
1051,2091,6.33,6,4.45,0.014,0
1086,2059,6.55,3,5.0,0.0,0
1099,2046,4.18,4,4.79,0.016,0
1060,2057,3.71,4,5.0,0.0,0
1023,2088,4.53,4,3.8,0.014,0
1029,2046,4.65,4,4.1,0.059,0
1020,2032,5.89,4,4.71,0.038,0
1092,2046,4.34,3,3.64,0.07,0
1074,2038,6.4,1,4.87,0.001,0
1001,2001,5.78,1,3.99,0.057,0
1001,2050,7.09,4,4.59,0.002,0
1002,2043,5.81,4,5.0,0.018,0
1060,2050,5.02,4,4.55,0.048,0
1052,2054,6.59,4,3.46,0.0,0
1082,2090,4.23,3,3.89,0.021,0
1023,2063,4.5,4,3.68,0.028,0
1086,2059,4.89,4,4.78,0.064,0
1060,2091,3.88,2,4.08,0.0,1
1051,2052,9.1,3,4.48,0.049,0
1001,2090,5.51,6,4.1,0.013,0
1071,2063,3.67,4,4.11,0.012,0
1092,2002,5.66,4,4.34,0.048,0
1074,2035,5.13,3,4.61,0.012,0
1087,2083,3.31,5,4.03,0.063,0
1092,2001,6.28,3,4.44,0.081,0
1092,2070,6.13,4,3.9,0.067,0
1071,2059,6.98,3,5.0,0.033,0
1051,2020,3.74,3,4.64,0.013,1
1071,2006,3.35,3,4.06,0.017,0
1021,2002,4.32,4,4.33,0.02,0
1071,2008,4.36,3,4.16,0.029,0
1074,2017,6.32,4,4.31,0.059,0
1060,2091,7.81,2,3.41,0.023,0
1051,2046,6.17,4,4.73,0.022,0
1002,2070,2.06,2,4.48,0.051,1
1071,2070,2.14,5,4.43,0.029,0
1001,2061,4.06,5,4.65,0.04,0
1037,2001,3.9,5,4.22,0.036,0
1060,2006,5.11,3,4.36,0.044,0
1071,2088,4.34,4,4.23,0.048,0
1037,2021,4.55,4,4.42,0.024,0
1074,2021,3.76,3,4.4,0.025,0
1071,2003,4.63,4,4.71,0.054,0
1082,2001,4.08,4,5.0,0.033,0
1082,2035,4.89,3,3.67,0.047,0
1074,2059,4.9,3,4.54,0.046,0
1082,2054,4.1,3,3.89,0.072,0
1002,2061,7.22,4,4.01,0.025,0
1020,2059,5.55,6,4.34,0.04,0
1087,2003,1.18,4,3.5,0.02,1
1082,2007,5.07,3,3.88,0.017,0
1052,2050,4.68,3,4.21,0.029,0
1086,2001,6.92,1,4.32,0.031,0
1051,2070,4.8,3,4.13,0.0,0
1014,2021,5.31,4,3.85,0.069,0
1029,2070,4.82,4,4.87,0.073,0
1052,2048,3.31,3,4.15,0.015,1
1014,2035,6.27,3,4.83,0.042,0
1001,2032,6.75,3,4.01,0.048,0
1071,2014,6.07,3,4.13,0.021,0
1086,2038,4.74,3,3.63,0.05,0
1074,2014,4.69,5,4.5,0.036,0
1021,2020,3.93,2,3.97,0.061,0
1071,2058,6.33,3,3.98,0.011,0
1092,2061,2.68,4,5.0,0.065,0
1099,2043,5.91,3,3.48,0.051,0
1087,2020,5.67,3,3.96,0.042,0
1071,2057,3.76,4,3.59,0.075,0
1092,2001,3.97,4,3.6,0.027,0
1060,2070,6.33,5,4.58,0.027,0
1020,2050,4.0,2,4.95,0.032,1
1099,2072,5.43,5,4.49,0.027,0
1037,2061,6.12,3,3.42,0.058,0
1014,2063,4.19,3,4.09,0.018,0
1087,2058,6.65,4,4.05,0.004,0
1071,2050,5.46,1,4.32,0.057,0
1023,2038,5.1,5,3.59,0.071,0
1074,2002,6.65,4,3.9,0.015,0
1052,2006,4.89,5,3.54,0.03,0
1020,2021,6.1,4,4.57,0.002,0
1060,2007,6.7,4,3.66,0.03,0
1092,2090,2.06,4,4.14,0.005,1
1071,2006,4.56,3,3.88,0.0,0
1029,2017,2.49,3,4.0,0.049,1
1029,2043,4.05,3,3.96,0.026,0
1021,2058,5.14,3,4.49,0.076,0
1037,2002,3.76,4,4.21,0.051,0
1099,2083,5.3,3,3.62,0.042,0
1051,2043,3.37,5,4.48,0.032,0
1060,2017,3.03,4,5.0,0.021,1
1052,2021,3.89,3,4.43,0.019,0
1002,2072,6.35,5,4.37,0.024,0
1092,2032,5.66,5,4.28,0.04,0
1074,2059,6.06,3,4.43,0.003,0
1087,2001,4.01,5,4.64,0.025,0
1001,2035,7.56,2,4.1,0.036,0
1029,2034,0.79,3,3.64,0.008,1
1029,2059,4.59,2,3.8,0.0,0
1087,2059,5.19,4,4.03,0.05,0
1001,2007,4.56,3,3.75,0.0,0
1037,2057,4.78,3,5.0,0.043,0
1002,2070,4.38,4,4.65,0.04,0
1086,2017,7.5,3,4.69,0.022,0
1099,2070,5.29,3,4.13,0.034,0
1023,2048,5.89,4,2.96,0.028,0
1087,2083,7.21,3,4.95,0.028,0
1092,2001,2.64,3,3.92,0.025,1
1020,2088,3.22,3,4.04,0.056,0
1052,2003,3.18,4,4.41,0.045,0
1020,2032,4.45,4,4.38,0.0,0
1052,2061,4.51,3,4.24,0.031,0
1086,2050,5.66,5,3.9,0.038,0
1074,2020,6.95,2,4.33,0.0,0
1001,2059,8.28,4,4.39,0.0,0
1087,2059,4.24,3,5.0,0.045,0
1023,2050,2.52,4,3.45,0.0,0
1086,2075,5.68,4,4.43,0.068,0
1021,2072,5.55,4,3.59,0.047,0
1029,2072,2.52,6,4.64,0.086,0
1014,2003,5.58,4,4.06,0.029,0
1021,2061,3.42,2,4.29,0.029,1
1071,2003,3.39,3,4.22,0.008,1
1051,2057,5.53,2,4.33,0.007,0
1023,2006,3.28,1,4.12,0.059,1
1092,2008,7.1,4,3.2,0.047,0
1087,2001,5.34,3,4.8,0.042,0
1014,2001,7.94,2,3.54,0.007,0
1037,2091,4.57,5,3.89,0.018,0
1074,2088,5.63,4,3.08,0.051,0
1087,2091,4.02,3,4.91,0.026,0
1021,2050,2.7,2,4.19,0.023,1
1099,2020,5.09,3,4.82,0.03,0
1086,2038,2.36,4,5.0,0.033,1
1087,2008,5.35,3,4.08,0.04,0
1037,2001,6.7,4,5.0,0.032,0
1052,2046,3.32,2,4.82,0.05,1
1099,2046,2.53,3,4.11,0.015,1
1021,2021,2.88,3,3.72,0.002,1
1071,2080,6.24,4,3.97,0.0,0
1086,2001,4.55,4,3.83,0.007,0
1087,2054,4.82,4,3.2,0.057,0
1074,2008,3.13,3,4.79,0.033,1
1001,2063,6.64,5,3.47,0.048,0
1071,2059,6.99,3,4.05,0.0,0
1020,2003,6.17,1,4.68,0.002,0
1060,2046,7.09,4,4.7,0.014,0
1002,2057,3.0,2,4.75,0.043,1
1074,2083,6.05,4,4.47,0.024,0
1082,2041,5.56,3,4.03,0.091,0
1071,2050,5.06,2,4.0,0.009,0
1082,2038,5.24,3,4.09,0.015,0
1082,2046,5.3,3,4.38,0.069,0
1087,2057,3.27,4,2.97,0.025,0
1002,2059,5.34,3,3.31,0.029,0
1029,2021,7.3,3,4.48,0.053,0
1021,2038,8.71,2,3.73,0.024,0
1029,2088,5.92,1,4.53,0.033,0
1060,2003,4.2,4,4.64,0.051,0
1051,2059,5.02,4,4.34,0.055,0
1092,2008,5.57,4,4.65,0.069,0
1002,2052,4.12,5,5.0,0.02,0
1052,2088,4.67,3,4.53,0.0,0
1020,2007,4.25,3,4.02,0.023,0
1029,2058,4.27,4,4.47,0.064,0
1060,2057,6.17,2,4.11,0.024,0
1023,2070,5.38,5,4.29,0.034,0
1037,2001,5.02,4,3.92,0.001,0
1087,2088,5.97,4,4.86,0.0,0
1023,2006,4.85,4,3.44,0.028,0
1037,2007,6.78,6,4.69,0.024,0
1086,2061,6.89,4,3.96,0.018,0
1023,2050,4.75,2,4.04,0.04,0
1074,2072,6.56,3,4.89,0.043,0
1060,2088,6.04,3,5.0,0.041,0
1002,2001,4.5,3,4.04,0.01,0
1001,2046,6.48,3,4.34,0.021,0
1087,2061,6.01,4,3.88,0.029,0
1087,2091,2.83,5,4.73,0.002,0
1082,2041,3.7,3,4.22,0.016,0
1082,2083,3.28,4,5.0,0.031,0
1074,2043,4.56,3,3.65,0.017,0
1099,2043,6.7,1,4.24,0.031,0
1060,2046,5.18,4,4.23,0.021,0
1020,2088,4.02,5,4.72,0.088,0
1087,2007,4.58,3,4.43,0.039,0
1087,2046,5.95,4,4.51,0.052,0
1071,2080,6.81,5,3.07,0.035,0
1099,2008,3.62,5,3.06,0.059,0
1052,2052,3.7,2,4.38,0.023,1
1029,2070,7.67,5,3.94,0.051,0
1002,2043,4.18,3,4.56,0.059,0
1087,2061,4.34,3,4.35,0.012,0
1002,2001,7.35,3,3.88,0.065,0
1001,2057,5.32,5,4.09,0.08,0
1051,2002,5.92,3,3.82,0.001,0
1060,2020,2.98,3,3.7,0.0,1
1092,2041,6.26,4,4.35,0.007,0
1074,2080,7.47,3,3.78,0.035,0
1020,2061,5.26,1,4.18,0.032,0
1074,2048,4.43,2,3.55,0.04,0
1092,2007,6.14,3,4.39,0.021,0
1074,2091,3.72,4,3.63,0.068,0
1087,2059,2.84,4,4.28,0.031,0
1099,2072,7.23,1,4.41,0.025,0
1071,2083,5.88,4,4.16,0.006,0
1087,2059,3.99,7,4.5,0.051,0
1087,2002,4.47,3,4.59,0.0,0
1086,2088,4.02,3,4.67,0.038,0
1074,2007,4.29,4,4.05,0.051,0
1092,2002,5.35,5,4.06,0.055,0
1023,2006,5.14,3,5.0,0.056,0
1087,2008,5.35,4,3.66,0.009,0
1092,2001,6.67,4,4.12,0.024,0
1074,2041,5.23,3,3.18,0.058,0
1037,2035,4.83,5,3.32,0.0,0
1021,2059,4.59,4,3.59,0.005,0
1099,2080,5.56,3,4.47,0.024,0
1029,2013,5.58,5,3.59,0.054,0
1037,2041,2.44,4,4.91,0.02,1
1082,2061,5.97,3,4.49,0.0,0
1021,2058,5.24,4,4.87,0.049,0
1014,2058,4.76,4,3.48,0.063,0
1020,2077,6.04,2,4.32,0.036,0
1001,2021,3.84,4,3.76,0.002,0
1023,2059,4.08,4,4.66,0.031,0
1002,2061,6.41,4,3.68,0.043,0
1087,2014,6.0,5,4.41,0.005,0
1060,2090,4.17,2,4.46,0.063,0
1029,2014,1.41,5,4.45,0.008,1
1051,2050,5.39,2,4.42,0.031,0
1021,2046,5.49,3,3.81,0.04,0
1060,2059,4.25,4,4.43,0.026,0
1060,2061,6.73,3,4.09,0.017,0
1037,2020,6.56,3,4.83,0.033,0
1037,2070,9.02,3,4.84,0.04,0
1074,2003,4.23,4,4.44,0.023,0
1029,2008,5.64,5,4.46,0.022,0
1099,2032,4.29,3,4.76,0.015,0
1087,2059,5.59,2,4.5,0.045,0
1086,2058,8.04,4,4.0,0.0,0
1001,2032,5.77,3,4.37,0.016,0
1001,2090,4.74,2,3.68,0.006,0
1002,2013,6.31,3,4.89,0.014,0
1087,2050,8.14,2,4.41,0.031,0
1014,2054,3.18,3,4.07,0.035,0
1086,2091,3.6,4,4.26,0.046,0
1087,2050,3.71,3,4.92,0.012,1
1099,2061,2.91,3,3.31,0.063,0
1082,2080,4.58,3,4.57,0.015,0
1037,2059,4.68,3,3.32,0.031,0
1052,2008,6.54,4,4.66,0.008,0
1051,2021,3.87,2,4.38,0.024,1
1099,2072,4.47,4,3.96,0.052,0
1086,2059,5.35,3,3.42,0.043,0
1037,2083,5.42,4,4.38,0.019,0
1086,2059,4.77,3,4.83,0.024,0
1087,2002,4.07,5,4.8,0.035,0
1071,2002,4.81,3,4.18,0.013,0
1074,2013,5.73,5,4.48,0.008,0
1074,2063,5.68,4,4.42,0.014,0
1001,2035,5.01,4,3.67,0.021,0
1099,2088,4.57,4,4.77,0.0,0
1001,2072,6.5,5,4.76,0.019,0
1052,2059,4.66,2,3.15,0.023,0
1074,2059,5.11,4,4.61,0.091,0
1082,2061,4.41,2,4.47,0.034,0
1001,2075,4.14,4,3.79,0.027,0
1071,2090,4.89,3,3.35,0.034,0
1087,2013,7.05,4,4.71,0.014,0
1051,2091,5.32,2,4.28,0.058,0
1014,2091,7.13,6,4.69,0.04,0
1082,2043,6.31,4,3.8,0.0,0
1002,2057,6.32,6,4.66,0.0,0
1082,2013,4.22,3,3.27,0.002,0
1002,2059,4.94,4,3.71,0.002,0
1014,2077,6.79,3,4.08,0.019,0
1060,2063,3.84,5,3.76,0.034,0
1021,2046,5.01,2,4.32,0.0,0
1087,2059,5.95,2,4.46,0.021,0
1014,2032,3.99,4,3.46,0.029,0
1092,2058,6.17,5,3.97,0.024,0
1074,2008,2.76,3,3.42,0.039,0
1014,2089,6.26,3,3.67,0.036,0
1086,2014,3.7,4,5.0,0.012,0
1002,2002,3.89,2,4.27,0.032,1
1021,2091,4.59,4,3.68,0.0,0
1023,2020,3.86,2,3.76,0.036,0
1087,2063,5.09,2,4.72,0.026,0
1023,2043,3.05,3,3.91,0.013,1
1071,2013,6.22,2,4.29,0.003,0
1051,2059,4.94,4,4.33,0.032,0
1037,2032,4.64,2,3.67,0.036,0
1029,2059,3.11,2,4.91,0.025,1
1014,2054,5.95,4,4.23,0.022,0
1001,2057,4.46,5,3.92,0.034,0
1074,2043,6.02,4,4.74,0.022,0
1074,2001,6.01,2,4.87,0.052,0
1014,2061,4.54,4,4.65,0.009,0
1021,2002,4.78,2,4.77,0.046,0
1023,2070,4.58,3,4.13,0.012,0
1051,2017,4.74,2,4.65,0.053,0
1020,2013,6.42,2,4.1,0.042,0
1086,2088,6.15,2,4.57,0.005,0
1023,2013,4.77,5,4.76,0.057,0
1074,2091,3.4,3,3.92,0.027,0
1060,2046,5.33,5,3.74,0.017,0
1099,2001,7.14,2,4.56,0.028,0
1087,2008,5.58,3,4.55,0.017,0
1060,2021,2.87,4,2.95,0.019,0
1092,2001,5.44,4,4.81,0.066,0
1029,2001,7.21,4,4.76,0.034,0
1023,2013,6.03,3,4.43,0.021,0
1087,2075,4.74,4,5.0,0.038,0
1074,2091,4.98,3,4.65,0.023,0
1099,2091,5.56,4,4.83,0.047,0
1002,2059,3.16,2,4.55,0.032,1
1001,2048,5.59,5,3.89,0.056,0
1020,2058,4.09,5,4.58,0.0,0
1086,2083,4.37,5,5.0,0.042,0
1074,2041,5.53,4,4.42,0.027,0
1071,2058,6.82,4,3.72,0.043,0
1029,2020,5.25,3,5.0,0.032,0
1087,2038,2.06,3,4.7,0.011,1
1087,2032,6.44,3,4.87,0.019,0
1074,2070,4.47,3,4.5,0.067,0
1014,2014,5.02,3,3.91,0.0,0
1071,2041,4.29,2,3.26,0.028,0
1029,2003,4.19,5,3.77,0.043,0
1087,2054,5.98,5,4.11,0.056,0
1060,2070,5.84,5,5.0,0.028,0
1086,2057,5.26,3,4.97,0.082,0
1074,2083,6.1,2,3.76,0.053,0
1014,2041,3.28,3,3.88,0.028,0
1087,2003,5.39,2,3.44,0.0,0
1021,2050,2.92,4,4.3,0.05,0
1037,2070,5.83,3,4.31,0.051,0
1074,2007,4.66,3,3.73,0.014,0
1029,2048,6.03,3,5.0,0.016,0
1029,2089,6.14,4,4.16,0.021,0
1099,2061,5.9,4,4.3,0.039,0
1002,2090,5.05,2,4.24,0.025,0
1051,2061,7.92,4,4.3,0.039,0
1086,2059,3.47,3,4.03,0.038,0
1002,2061,4.35,3,3.67,0.031,0
1099,2088,5.25,4,3.85,0.037,0
1087,2017,3.44,3,4.35,0.025,0
1021,2072,2.66,2,4.31,0.042,1
1099,2035,5.51,4,4.06,0.045,0
1074,2003,5.5,3,4.46,0.036,0
1087,2057,7.51,5,4.15,0.022,0
1020,2059,7.34,4,4.11,0.0,0
1037,2075,3.87,3,4.13,0.042,0
1074,2088,6.16,5,4.67,0.004,0
1087,2041,6.55,5,5.0,0.006,0
1074,2034,4.71,4,3.62,0.0,0
1014,2034,5.47,3,3.38,0.055,0
1014,2063,5.25,3,3.72,0.033,0
1001,2091,5.77,4,3.44,0.04,0
1051,2052,6.04,3,4.72,0.013,0
1029,2050,6.94,4,3.95,0.024,0
1029,2091,6.5,4,4.52,0.051,0
1092,2008,4.21,4,4.09,0.05,0
1074,2013,4.43,4,5.0,0.056,0
1087,2017,3.45,4,4.54,0.008,0
1060,2063,4.83,3,3.0,0.027,0
1023,2059,4.24,2,4.2,0.0,1
1029,2034,5.06,4,4.54,0.0,0
1074,2088,8.21,5,3.81,0.059,0
1021,2088,6.29,3,3.9,0.019,0
1001,2075,9.24,5,4.1,0.028,0
1023,2063,6.27,4,3.72,0.036,0
1001,2001,4.17,4,4.18,0.05,0
1086,2083,4.6,4,3.26,0.036,0
1020,2080,3.83,2,4.76,0.029,1
1001,2088,1.88,3,4.2,0.031,1
1021,2090,4.25,1,3.92,0.051,1
1020,2089,7.1,3,5.0,0.0,0
1029,2070,3.78,4,4.57,0.03,0
1060,2077,3.32,2,3.84,0.008,1
1052,2054,5.2,3,3.62,0.023,0
1092,2059,1.03,4,4.56,0.012,1
1052,2059,3.82,4,4.25,0.045,0
1014,2014,3.83,3,4.09,0.009,0
1099,2059,4.64,2,4.41,0.011,1
1092,2070,5.38,5,4.41,0.034,0
1082,2059,2.95,5,4.76,0.027,0
1099,2002,4.42,3,5.0,0.046,0
1052,2038,3.86,5,4.87,0.03,0
1092,2059,4.48,3,4.55,0.021,0
1087,2057,4.3,3,3.79,0.061,0
1001,2091,6.45,4,3.77,0.014,0
1074,2077,3.74,2,4.36,0.017,1
1074,2052,3.95,3,4.7,0.015,0
1087,2089,6.9,3,3.58,0.039,0
1020,2002,6.33,3,4.23,0.036,0
1023,2063,5.14,3,4.64,0.025,0
1029,2059,4.09,2,3.32,0.034,0
1014,2059,4.88,4,4.77,0.025,0
1074,2002,6.42,3,4.13,0.026,0
1086,2059,7.37,2,4.23,0.016,0
1023,2054,4.55,3,4.24,0.057,0
1099,2003,7.85,4,3.71,0.027,0
1052,2001,5.39,3,4.06,0.029,0
1051,2088,6.16,4,3.89,0.042,0
1060,2072,7.59,2,3.98,0.02,0
1020,2059,5.12,2,4.88,0.031,0
1014,2088,5.45,4,3.94,0.044,0
1074,2091,5.01,1,4.15,0.024,1
1060,2058,6.05,6,4.39,0.072,0
1020,2063,3.97,3,4.08,0.039,0
1037,2046,4.04,2,4.21,0.007,1
1071,2070,6.67,4,3.82,0.039,0
1086,2006,4.18,3,4.18,0.023,0
1087,2034,6.25,2,4.47,0.036,0
1071,2017,2.89,3,3.65,0.023,0
1052,2017,5.07,3,4.68,0.051,0
1082,2052,6.85,1,5.0,0.033,0
1020,2059,5.07,3,3.54,0.037,0
1002,2063,7.42,4,3.64,0.0,0
1086,2059,4.56,3,4.55,0.057,0
1060,2089,5.7,3,4.13,0.031,0
1029,2090,3.26,4,3.66,0.052,0
1060,2091,4.46,4,3.46,0.046,0
1001,2059,7.04,2,4.14,0.037,0
1029,2048,5.58,3,3.94,0.035,0
1092,2090,5.53,3,3.79,0.054,0
1074,2058,5.16,1,4.81,0.018,1
1001,2050,5.1,4,3.46,0.024,0
1037,2089,6.98,5,4.05,0.044,0
1051,2034,6.27,4,3.63,0.063,0
1074,2075,4.3,4,4.02,0.035,0
1082,2072,3.7,3,4.29,0.054,0
1037,2017,6.66,5,4.63,0.067,0
1052,2090,4.56,3,4.1,0.029,0
1086,2006,2.85,4,4.45,0.025,0
1037,2048,2.36,4,3.55,0.039,0
1029,2035,5.18,4,3.67,0.055,0
1020,2083,5.26,3,4.49,0.032,0
1001,2014,7.76,3,3.58,0.036,0
1020,2034,6.52,6,5.0,0.0,0
1087,2038,4.8,2,4.08,0.08,0
1037,2052,3.77,3,3.91,0.01,0
1014,2059,7.69,2,4.16,0.032,0
1023,2002,4.95,3,5.0,0.0,0
1060,2057,5.65,4,4.34,0.013,0
1051,2041,6.81,5,3.77,0.006,0
1001,2088,2.91,4,4.22,0.023,0
1002,2048,8.12,3,4.29,0.026,0
1037,2057,7.94,2,4.05,0.042,0
1020,2017,4.67,2,4.29,0.0,1
1037,2001,6.01,3,3.91,0.051,0
1092,2013,3.5,2,3.74,0.071,0
1001,2080,3.49,4,4.62,0.011,0
1071,2075,3.59,4,4.31,0.057,0
1052,2070,3.85,3,5.0,0.0,1
1060,2001,2.0,2,4.75,0.021,1
1087,2001,4.34,3,4.66,0.003,0
1002,2059,4.13,3,2.86,0.02,0
1002,2063,4.91,3,4.07,0.025,0
1092,2007,4.8,2,3.64,0.031,0
1001,2020,2.79,3,5.0,0.029,1
1086,2017,2.26,4,4.61,0.014,1
1023,2054,4.55,3,3.97,0.017,0
1029,2077,5.65,5,4.23,0.0,0
1029,2057,8.79,4,4.59,0.029,0
1002,2088,5.35,3,4.65,0.02,0
1074,2017,5.73,4,4.82,0.051,0
1086,2075,3.46,5,4.53,0.036,0
1074,2001,5.63,3,3.97,0.023,0
1087,2006,6.93,4,4.34,0.031,0
1074,2041,4.0,1,4.58,0.043,1
1051,2046,4.98,2,5.0,0.023,1
1051,2089,5.37,3,3.53,0.042,0
1001,2021,2.75,4,4.32,0.008,0
1001,2001,3.06,3,3.89,0.0,1
1023,2059,3.31,4,5.0,0.05,0
1082,2007,5.24,5,4.78,0.024,0
1087,2006,5.39,4,4.76,0.052,0
1099,2057,3.46,5,5.0,0.06,0
1060,2020,3.37,2,4.43,0.059,1
1029,2014,5.34,3,4.15,0.05,0
1074,2013,4.52,4,4.13,0.012,0
1002,2089,3.55,4,2.85,0.04,0
1099,2083,4.74,4,4.5,0.031,0
1074,2043,3.4,2,3.88,0.047,1
1023,2080,7.65,4,3.91,0.02,0
1082,2006,4.34,5,3.97,0.029,0
1087,2008,7.02,3,4.48,0.048,0
1052,2058,5.1,5,5.0,0.035,0
1099,2008,3.79,3,4.31,0.008,0
1087,2017,5.4,5,4.23,0.03,0
1074,2046,6.28,4,3.63,0.021,0
1029,2054,7.84,4,3.7,0.026,0
1023,2077,2.33,2,4.69,0.03,1
1060,2070,5.78,5,4.37,0.045,0
1071,2077,5.39,5,5.0,0.034,0
1086,2072,5.24,4,4.15,0.022,0
1020,2057,6.57,3,3.97,0.048,0
1082,2088,6.46,6,4.81,0.047,0
1023,2050,6.46,3,4.48,0.042,0
1087,2083,4.19,3,4.68,0.03,0
1092,2090,5.92,4,4.63,0.065,0
1023,2091,4.13,5,4.44,0.047,0
1051,2075,6.05,4,3.88,0.046,0
1060,2017,2.84,6,4.39,0.053,0
1037,2020,6.02,4,3.93,0.015,0
1014,2032,6.17,4,4.48,0.028,0
1074,2059,5.62,3,3.86,0.024,0
1099,2075,4.65,5,3.52,0.029,0
1037,2059,5.95,5,3.9,0.008,0
1023,2050,6.08,4,4.09,0.039,0
1037,2059,6.29,4,4.35,0.056,0
1001,2061,5.3,4,4.56,0.005,0
1037,2020,5.92,3,3.54,0.039,0
1020,2091,4.31,2,3.76,0.064,0
1052,2072,4.16,4,3.66,0.072,0
1051,2041,5.1,3,4.64,0.071,0
1001,2061,4.39,3,5.0,0.028,0
1082,2059,4.65,1,4.18,0.003,1
1037,2088,4.16,1,4.82,0.001,1
1001,2007,2.09,3,4.82,0.021,1
1086,2083,4.53,4,4.12,0.055,0
1020,2043,4.64,3,5.0,0.031,0
1092,2063,5.35,3,2.99,0.047,0
1086,2059,7.49,5,3.92,0.027,0
1051,2090,5.52,4,4.54,0.034,0
1014,2061,4.46,4,4.7,0.088,0
1023,2054,4.25,4,4.02,0.036,0
1023,2050,6.46,3,3.18,0.051,0
1029,2041,5.2,3,3.92,0.036,0
1001,2001,3.96,3,3.58,0.016,0
1014,2075,5.95,2,4.78,0.006,0
1087,2061,5.22,4,4.61,0.046,0
1087,2052,4.87,3,4.5,0.036,0
1099,2054,4.48,4,4.12,0.018,0
1074,2059,4.43,4,3.74,0.052,0
1037,2041,4.16,1,4.48,0.0,1
1021,2050,3.48,6,4.73,0.05,0
1029,2001,3.32,3,4.82,0.043,1
1074,2058,6.7,5,4.53,0.005,0
1002,2088,5.9,3,3.55,0.048,0
1071,2008,6.8,3,4.36,0.0,0
1014,2088,6.69,4,4.33,0.005,0
1074,2050,2.53,6,3.7,0.033,0
1071,2088,3.55,1,4.42,0.042,1
1074,2013,2.5,5,3.94,0.008,0
1029,2014,3.28,4,3.24,0.005,0
1021,2002,5.65,4,3.69,0.056,0
1029,2017,3.33,3,4.03,0.023,0
1086,2080,4.71,3,4.08,0.026,0
1087,2035,6.63,3,4.55,0.033,0
1021,2043,5.55,4,3.63,0.043,0
1021,2052,4.68,3,4.59,0.021,0
1051,2017,5.57,1,4.56,0.082,0
1071,2014,4.99,3,3.97,0.041,0
1014,2002,4.54,4,5.0,0.047,0
1086,2043,4.74,2,4.0,0.027,0
1086,2061,3.02,5,4.48,0.009,0
1002,2054,2.33,4,3.38,0.032,0
1001,2013,4.39,4,4.61,0.014,0
1051,2007,6.33,3,4.21,0.031,0
1074,2079,8.37,3,3.36,0.016,0
1074,2075,6.11,3,4.21,0.021,0
1023,2043,0.78,3,4.16,0.0,1
1087,2032,3.23,3,4.03,0.038,0
1087,2058,4.58,4,3.85,0.034,0
1052,2061,7.21,4,4.08,0.011,0
1099,2091,5.13,3,4.48,0.0,0
1029,2061,4.72,4,4.26,0.023,0
1020,2077,4.48,2,4.39,0.038,0
1082,2003,2.88,4,3.87,0.022,0
1082,2079,7.78,5,3.48,0.004,0
1086,2014,3.42,5,3.9,0.001,0
1082,2059,6.85,4,5.0,0.042,0
1082,2079,4.95,4,3.97,0.056,0
1037,2054,7.04,2,4.67,0.009,0
1060,2035,8.62,5,3.63,0.035,0
1071,2021,6.49,3,3.52,0.032,0
1014,2043,4.76,3,4.82,0.004,0
1052,2083,4.84,4,4.35,0.053,0
1051,2080,4.64,1,4.01,0.045,0
1087,2059,4.78,3,4.46,0.043,0
1052,2063,2.32,3,4.1,0.032,1
1037,2061,2.05,5,4.2,0.038,0
1052,2089,7.65,4,3.43,0.028,0
1074,2003,6.01,4,5.0,0.013,0
1020,2080,6.87,4,4.24,0.037,0
1001,2061,3.53,3,4.49,0.027,0
1023,2059,5.09,4,3.25,0.037,0
1029,2088,7.66,3,3.58,0.022,0
1092,2059,2.72,4,4.16,0.036,0
1002,2017,4.8,4,4.43,0.006,0
1087,2059,5.52,5,3.72,0.036,0
1001,2054,6.94,2,4.6,0.026,0
1023,2043,6.52,3,4.2,0.0,0
1020,2038,5.66,4,4.47,0.04,0
1071,2007,4.86,2,4.7,0.029,0
1001,2038,5.59,3,5.0,0.019,0
1087,2007,4.09,2,4.26,0.067,0
1051,2001,5.19,4,4.69,0.033,0
1082,2002,6.8,5,3.9,0.001,0
1029,2057,6.03,4,3.68,0.016,0
1087,2063,3.98,4,4.7,0.051,0
1037,2014,6.19,3,5.0,0.031,0
1020,2008,4.42,2,4.03,0.039,0
1074,2079,2.62,3,3.97,0.014,1
1074,2017,3.71,5,3.37,0.034,0
1037,2050,5.78,3,4.09,0.029,0
1099,2058,5.95,5,3.56,0.012,0
1052,2020,3.7,3,4.0,0.043,0
1082,2006,4.02,3,3.82,0.032,0
1099,2063,6.45,3,3.92,0.009,0
1023,2061,7.19,2,4.11,0.045,0
1021,2058,4.7,3,4.47,0.008,0
1029,2088,2.39,4,3.7,0.033,0
1029,2043,4.82,4,4.09,0.041,0
1086,2057,3.94,4,3.59,0.053,0
1074,2079,8.08,4,4.98,0.067,0
1087,2020,4.52,4,3.79,0.015,0
1023,2041,5.35,2,4.62,0.033,0
1060,2077,6.02,3,4.54,0.035,0
1060,2017,5.76,4,3.57,0.016,0
1051,2058,8.47,4,3.34,0.0,0
1002,2003,4.89,3,3.8,0.066,0
1060,2091,4.45,4,4.33,0.024,0
1001,2013,3.29,4,3.03,0.047,0
1087,2003,5.23,4,4.2,0.005,0
1074,2014,5.6,4,3.96,0.043,0
1087,2089,5.44,4,3.77,0.056,0
1092,2050,5.44,4,4.01,0.05,0
1071,2007,4.37,3,5.0,0.0,1
1020,2020,9.48,4,4.04,0.037,0
1082,2014,6.05,3,5.0,0.06,0
1052,2091,9.09,2,4.31,0.002,0
1071,2072,3.36,3,4.05,0.037,0
1087,2014,4.83,4,4.36,0.063,0
1099,2063,6.24,2,4.13,0.028,0
1087,2008,5.66,5,4.34,0.042,0
1074,2054,3.3,3,3.24,0.039,0
1051,2006,6.26,2,4.28,0.028,0
1071,2054,7.53,3,4.66,0.053,0
1037,2041,4.71,4,4.74,0.008,0
1029,2089,4.36,4,5.0,0.022,0
1087,2058,4.6,5,4.53,0.074,0
1074,2054,6.64,3,4.06,0.014,0
1087,2043,3.04,4,4.51,0.045,0
1001,2003,4.81,5,3.52,0.001,0
1021,2075,3.77,4,3.65,0.057,0
1023,2083,3.89,3,4.73,0.034,0
1074,2038,6.18,3,4.34,0.001,0
1060,2090,4.78,2,5.0,0.056,0
1087,2006,4.02,3,4.12,0.073,0
1037,2089,5.59,3,4.27,0.0,0
1023,2032,4.89,2,3.28,0.07,0
1014,2090,4.96,3,3.35,0.026,0
1087,2059,4.78,4,3.72,0.019,0
1087,2061,3.61,3,3.2,0.014,0
1074,2046,5.94,2,4.7,0.047,0
1074,2001,6.44,3,4.15,0.036,0
1023,2061,6.98,5,3.37,0.013,0
1021,2035,3.42,4,3.86,0.026,0
1099,2077,7.56,5,4.89,0.016,0
1029,2059,0.84,3,3.48,0.0,1
1021,2006,6.69,3,3.8,0.023,0
1020,2058,7.47,3,4.68,0.024,0
1051,2088,2.63,2,4.2,0.032,1
1086,2070,5.81,4,4.65,0.015,0
1074,2077,7.74,5,3.94,0.014,0
1014,2091,2.32,4,4.43,0.018,1
1020,2050,5.42,2,4.68,0.019,0
1071,2057,5.43,4,3.22,0.047,0
1014,2017,3.82,4,3.5,0.02,0
1087,2020,5.54,2,3.69,0.033,0
